[
	{
		"author": "lucasgmarins",
		"category": "business",
		"country": "br",
		"description": "No mês passado, o jogador Gustavo Scarpa pediu 30% do salário de Bigode para quitar parte de uma dívida de R$ 6,3 milhõesThe post Justiça nega penhora de salário de jogador William Bigode em caso de golpe com criptos appeared first on InfoMoney.",
		"image": null,
		"language": "pt",
		"published_at": "2023-08-01T13:43:51+00:00",
		"source": "InfoMoney",
		"title": "Justiça nega penhora de salário de jogador William Bigode em caso de golpe com criptos",
		"url": "https://www.infomoney.com.br/onde-investir/justica-nega-penhora-de-salario-de-jogador-william-bigode-em-caso-de-golpe-com-criptos/"
	},
	{
		"author": "Equipe InfoMoney",
		"category": "business",
		"country": "br",
		"description": "Itens integram 91 lotes que foram apreendidos no aeroporto de Cumbica e serão leiloados em 8 de agostoThe post Leilão da Receita tem bonecos Homem de Ferro e Hulk, harpa e guitarra; veja como participar appeared first on InfoMoney.",
		"image": null,
		"language": "pt",
		"published_at": "2023-08-01T16:01:37+00:00",
		"source": "InfoMoney",
		"title": "Leilão da Receita tem bonecos Homem de Ferro e Hulk, harpa e guitarra; veja como participar",
		"url": "https://www.infomoney.com.br/consumo/leilao-da-receita-tem-bonecos-homem-de-ferro-e-hulk-harpa-e-guitarra-veja-como-participar/"
	},
	{
		"author": "Felipe Moreira",
		"category": "business",
		"country": "br",
		"description": "Dados do mercado de trabalho dos Estados Unidos também são destaque na sessão de hojeThe post Ibovespa Futuro segue exterior e cai após Fitch cortar rating dos EUA e com Copom no radar appeared first on InfoMoney.",
		"image": null,
		"language": "pt",
		"published_at": "2023-08-02T12:19:03+00:00",
		"source": "InfoMoney",
		"title": "Ibovespa Futuro segue exterior e cai após Fitch cortar rating dos EUA e com Copom no radar",
		"url": "https://www.infomoney.com.br/mercados/ibovespa-futuro-segue-exterior-e-cai-apos-fitch-cortar-rating-dos-eua-e-com-copom-no-radar/"
	},
	{
		"author": "Marcos Mortari",
		"category": "business",
		"country": "br",
		"description": "Ministro vê mercado \"pendendo\" para corte de 0,5 p.p. na Selic e diz que \"ninguém espera a manutenção da taxa\"The post Haddad: Certamente a taxa básica de juros começa a cair hoje appeared first on InfoMoney.",
		"image": null,
		"language": "pt",
		"published_at": "2023-08-02T14:49:51+00:00",
		"source": "InfoMoney",
		"title": "Haddad: Certamente a taxa básica de juros começa a cair hoje",
		"url": "https://www.infomoney.com.br/politica/haddad-certamente-a-taxa-basica-de-juros-comeca-a-cair-hoje/"
	},
	{
		"author": "Equipe InfoMoney",
		"category": "business",
		"country": "br",
		"description": "Depois de manter a taxa em 13,75% por sete encontros seguidos, juros caíram para 13,25%The post Banco Central reduz Selic pela primeira vez em três anos e surpreende com corte de 0,50 p.p, a 13,25% appeared first on InfoMoney.",
		"image": null,
		"language": "pt",
		"published_at": "2023-08-02T21:47:01+00:00",
		"source": "InfoMoney",
		"title": "Banco Central reduz Selic pela primeira vez em três anos e surpreende com corte de 0,50 p.p, a 13,25%",
		"url": "https://www.infomoney.com.br/economia/banco-central-reduz-selic-pela-primeira-vez-em-tres-anos-e-surpreende-com-corte-de-050-p-p-a-1325/"
	},
	{
		"author": "Equipe InfoMoney",
		"category": "business",
		"country": "br",
		"description": "Financiamentos imobiliários não recebem reduçãoThe post Após BC, Caixa e Banco do Brasil reduzem taxas de juros do consignado do INSS e outras modalidades appeared first on InfoMoney.",
		"image": null,
		"language": "pt",
		"published_at": "2023-08-03T12:15:00+00:00",
		"source": "InfoMoney",
		"title": "Após BC, Caixa e Banco do Brasil reduzem taxas de juros do consignado do INSS e outras modalidades",
		"url": "https://www.infomoney.com.br/minhas-financas/apos-bc-caixa-e-banco-do-brasil-reduzem-taxas-de-juros-do-consignado-do-inss-e-outras-modalidades/"
	},
	{
		"author": "Felipe Moreira",
		"category": "business",
		"country": "br",
		"description": "Dona da Havaianas registrou faturamento de R$ 926,4 milhões entre abril e junho, cifra 12,7% inferior a de um ano antesThe post Alpargatas (ALPA4) reverte lucro e tem prejuízo de R$ 53,1 milhões, com menores vendas e mais despesas appeared first on InfoMoney.",
		"image": null,
		"language": "pt",
		"published_at": "2023-08-03T22:52:11+00:00",
		"source": "InfoMoney",
		"title": "Alpargatas (ALPA4) reverte lucro e tem prejuízo de R$ 53,1 milhões, com menores vendas e mais despesas",
		"url": "https://www.infomoney.com.br/mercados/alpargatas-alpa4-resultados-segundo-trimestre-2023/"
	},
	{
		"author": "Rodrigo Petry",
		"category": "business",
		"country": "br",
		"description": "Ações da empresa enfrentam forte ponto de resistência na região dos R$ 5,82The post CIEL3: Após balanço, confira o que esperar das ações da Cielo pela análise técnica appeared first on InfoMoney.",
		"image": null,
		"language": "pt",
		"published_at": "2023-08-04T09:55:05+00:00",
		"source": "InfoMoney",
		"title": "CIEL3: Após balanço, confira o que esperar das ações da Cielo pela análise técnica",
		"url": "https://www.infomoney.com.br/mercados/ciel3-apos-balanco-confira-o-que-esperar-das-acoes-da-cielo-pela-analise-tecnica/"
	},
	{
		"author": "jamilleniero",
		"category": "business",
		"country": "br",
		"description": "Efeito nos preços das apólices pode variar conforme o ramo do seguro contratadoThe post Queda da Selic vai impactar o consumidor de seguros? appeared first on InfoMoney.",
		"image": null,
		"language": "pt",
		"published_at": "2023-08-04T09:04:00+00:00",
		"source": "InfoMoney",
		"title": "Queda da Selic vai impactar o consumidor de seguros?",
		"url": "https://www.infomoney.com.br/minhas-financas/queda-da-selic-vai-impactar-o-consumidor-de-seguros/"
	},
	{
		"author": "Roberto de Lira",
		"category": "business",
		"country": "br",
		"description": "Índice ainda ficou 11,8% abaixo do nível de julho de 2022; fim o acordo de grão no Mar Negro e chegada do El Niño preocupamThe post Índice de preços de alimentos da FAO sobe 1,3% em julho, por tensão na Ucrânia e restrições ao arroz appeared first on InfoMoney.",
		"image": null,
		"language": "pt",
		"published_at": "2023-08-04T12:23:07+00:00",
		"source": "InfoMoney",
		"title": "Índice de preços de alimentos da FAO sobe 1,3% em julho, por tensão na Ucrânia e restrições ao arroz",
		"url": "https://www.infomoney.com.br/economia/indice-de-precos-de-alimentos-da-fao-sobe-13-em-julho-por-tensao-na-ucrania-e-restricoes-ao-arroz/"
	},
	{
		"author": "marialuizadourado",
		"category": "business",
		"country": "br",
		"description": "Saque dos valores pode ser solicitado pelo celularThe post Pis/Pasep: trabalhadores têm até amanhã para sacar R$ 25,2 bilhões; veja quem tem direito ao abono appeared first on InfoMoney.",
		"image": null,
		"language": "pt",
		"published_at": "2023-08-04T16:07:34+00:00",
		"source": "InfoMoney",
		"title": "Pis/Pasep: trabalhadores têm até amanhã para sacar R$ 25,2 bilhões; veja quem tem direito ao abono",
		"url": "https://www.infomoney.com.br/minhas-financas/pis-pasep-trabalhadores-tem-ate-amanha-para-sacar-r-252-bilhoes-veja-quem-tem-direito-ao-abono/"
	},
	{
		"author": "Lara Rizério",
		"category": "business",
		"country": "br",
		"description": "Para Ivo Kovachev, ações brasileiras de consumo e tecnologia da informação estão prestes a se beneficiar com corte de jurosThe post Investidor de emergentes que superou 96% dos pares vê Bolsa brasileira engrenando e aposta em duas ações nacionais appeared first on InfoMoney.",
		"image": null,
		"language": "pt",
		"published_at": "2023-08-05T13:11:11+00:00",
		"source": "InfoMoney",
		"title": "Investidor de emergentes que superou 96% dos pares vê Bolsa brasileira engrenando e aposta em duas ações nacionais",
		"url": "https://www.infomoney.com.br/mercados/investidor-de-emergentes-que-superou-96-dos-pares-ve-bolsa-brasileira-engrenando-e-aposta-em-duas-acoes-do-pais/"
	},
	{
		"author": "Bloomberg",
		"category": "business",
		"country": "br",
		"description": "Elevada dívida dos EUA com investidores é impulsionada por buraco no orçamento aliado à escalada dos jurosThe post Mercado de títulos do Tesouro dos EUA atinge US$ 25 tri em julho, maior patamar da história appeared first on InfoMoney.",
		"image": null,
		"language": "pt",
		"published_at": "2023-08-06T12:01:16+00:00",
		"source": "InfoMoney",
		"title": "Mercado de títulos do Tesouro dos EUA atinge US$ 25 tri em julho, maior patamar da história",
		"url": "https://www.infomoney.com.br/onde-investir/mercado-de-titulos-do-tesouro-dos-eua-atinge-us-25-tri-em-julho-maior-patamar-da-historia/"
	},
	{
		"author": "Estadão Conteúdo",
		"category": "business",
		"country": "br",
		"description": "Enquanto a KPMG afirmou que as acusações feitas contra si não eram verdadeiras, a PWC buscou se proteger com as regras de auditoriaThe post Na CPI da Americanas, auditorias tentam se blindar e rebatem provas da empresa appeared first on InfoMoney.",
		"image": null,
		"language": "pt",
		"published_at": "2023-08-06T12:01:00+00:00",
		"source": "InfoMoney",
		"title": "Na CPI da Americanas, auditorias tentam se blindar e rebatem provas da empresa",
		"url": "https://www.infomoney.com.br/mercados/na-cpi-da-americanas-auditorias-tentam-se-blindar-e-rebatem-provas-da-empresa/"
	},
	{
		"author": "Estadão Conteúdo",
		"category": "business",
		"country": "br",
		"description": "Principal demanda do setor é a redução de 80% da alíquota a ser aplicada sobre insumos em relação à alíquota padrão; texto aprovado na Câmara prevê 60%The post Reforma tributária: agro quer incluir 12 pontos na proposta que será discutida no Senado appeared first on InfoMoney.",
		"image": null,
		"language": "pt",
		"published_at": "2023-08-06T12:36:00+00:00",
		"source": "InfoMoney",
		"title": "Reforma tributária: agro quer incluir 12 pontos na proposta que será discutida no Senado",
		"url": "https://www.infomoney.com.br/politica/reforma-tributaria-agro-quer-incluir-12-pontos-na-proposta-que-sera-discutida-no-senado/"
	},
	{
		"author": "wellingtoncarvalho",
		"category": "business",
		"country": "br",
		"description": "Investidor que se foca apenas nos dividendos pode perder oportunidade de ganho de capital em fundos expostos à inflação, alertam especialistasThe post Valorização ou dividendos? Marcação a mercado em FIIs após primeiro corte da Selic retoma dilema; entenda appeared first on InfoMoney.",
		"image": null,
		"language": "pt",
		"published_at": "2023-08-07T09:00:26+00:00",
		"source": "InfoMoney",
		"title": "Valorização ou dividendos? Marcação a mercado em FIIs após primeiro corte da Selic retoma dilema; entenda",
		"url": "https://www.infomoney.com.br/onde-investir/valorizacao-ou-dividendos-marcacao-a-mercado-em-fiis-apos-primeiro-corte-da-selic-retoma-dilema-entenda/"
	},
	{
		"author": "Felipe Moreira",
		"category": "business",
		"country": "br",
		"description": "Montante é equivalente a R$ 0,2290583978 por ação ordinária e será pago aos acionistas posicionados hoje no papelThe post Irani (RANI3) vai pagar R$ 54,9 milhões em dividendos no dia 23 de agosto appeared first on InfoMoney.",
		"image": null,
		"language": "pt",
		"published_at": "2023-08-07T13:18:38+00:00",
		"source": "InfoMoney",
		"title": "Irani (RANI3) vai pagar R$ 54,9 milhões em dividendos no dia 23 de agosto",
		"url": "https://www.infomoney.com.br/mercados/irani-rani3-vai-pagar-r-549-milhoes-em-dividendos-no-dia-23-de-agosto/"
	},
	{
		"author": "luispereira",
		"category": "business",
		"country": "br",
		"description": "Ex-ministro permaneceu preso por quatro meses e foi solto em maio; ele ainda cumpre medidas cautelares, entre as quais uso da tornozeleira eletrônica. The post CPMI do 8 de Janeiro vai ouvir Anderson Torres na terça appeared first on InfoMoney.",
		"image": null,
		"language": "pt",
		"published_at": "2023-08-07T13:03:48+00:00",
		"source": "InfoMoney",
		"title": "CPMI do 8 de Janeiro vai ouvir Anderson Torres na terça",
		"url": "https://www.infomoney.com.br/politica/cpmi-do-8-de-janeiro-vai-ouvir-anderson-torres-na-terca/"
	},
	{
		"author": "Reuters",
		"category": "business",
		"country": "br",
		"description": "Presidente colombiano, Gustavo Petro, tem pressionado Lula a barrar todo novo desenvolvimento de petróleo na AmazôniaThe post Cúpula da Amazônia deve ter divisões sobre petróleo e desmatamento appeared first on InfoMoney.",
		"image": null,
		"language": "pt",
		"published_at": "2023-08-07T12:53:58+00:00",
		"source": "InfoMoney",
		"title": "Cúpula da Amazônia deve ter divisões sobre petróleo e desmatamento",
		"url": "https://www.infomoney.com.br/politica/cupula-da-amazonia-deve-ter-divisoes-sobre-petroleo-e-desmatamento/"
	},
	{
		"author": "Equipe InfoMoney",
		"category": "business",
		"country": "br",
		"description": "A semana será marcada pela divulgação de dados inflação com potencial para conduzir os mercados globais.The post Dólar sobe e chega a superar R$ 4,90 com mercado à espera de dados de inflação e ata do Copom appeared first on InfoMoney.",
		"image": null,
		"language": "pt",
		"published_at": "2023-08-07T15:32:47+00:00",
		"source": "InfoMoney",
		"title": "Dólar sobe e chega a superar R$ 4,90 com mercado à espera de dados de inflação e ata do Copom",
		"url": "https://www.infomoney.com.br/mercados/dolar-sobe-e-chega-a-superar-r-490-com-mercado-a-espera-de-dados-de-inflacao-e-ata-do-copom/"
	},
	{
		"author": "Equipe InfoMoney",
		"category": "business",
		"country": "br",
		"description": "As empresas de aquisição Bain Capital, CVC Capital Partners e DCP Capital também avançaram no processo, disseram fontes à agênciaThe post Suzano (SUZB3) está na disputa por empresa chinesa de US$ 2,7 bi, diz Bloomberg; o que analistas acham da operação? appeared first on InfoMoney.",
		"image": null,
		"language": "pt",
		"published_at": "2023-08-07T18:15:58+00:00",
		"source": "InfoMoney",
		"title": "Suzano (SUZB3) está na disputa por empresa chinesa de US$ 2,7 bi, diz Bloomberg; o que analistas acham da operação?",
		"url": "https://www.infomoney.com.br/mercados/suzano-suzb3-esta-na-disputa-por-empresa-chinesa-de-us-27-bi-diz-bloomberg-o-que-analistas-acham-da-operacao/"
	},
	{
		"author": "Agência Brasil",
		"category": "business",
		"country": "br",
		"description": "Lei proíbe compra de produtos de áreas desmatadas, mesmo legalmenteThe post Ministro diz que novas regras de importação da UE são &#8220;uma afronta&#8221; appeared first on InfoMoney.",
		"image": null,
		"language": "pt",
		"published_at": "2023-08-07T21:35:34+00:00",
		"source": "InfoMoney",
		"title": "Ministro diz que novas regras de importação da UE são “uma afronta”",
		"url": "https://www.infomoney.com.br/politica/ministro-diz-que-novas-regras-de-importacao-da-ue-sao-uma-afronta/"
	},
	{
		"author": "Marcos Mortari",
		"category": "business",
		"country": "br",
		"description": "Presidente defendeu a soberania brasileira sobre a floresta sob seu território, mas disse que país está aberto a receber contribuições do mundoThe post Lula diz que Cúpula da Amazônia é divisor de águas na discussão do clima e cobra países desenvolvidos appeared first on InfoMoney.",
		"image": null,
		"language": "pt",
		"published_at": "2023-08-08T14:08:27+00:00",
		"source": "InfoMoney",
		"title": "Lula diz que Cúpula da Amazônia é divisor de águas na discussão do clima e cobra países desenvolvidos",
		"url": "https://www.infomoney.com.br/politica/lula-diz-que-cupula-da-amazonia-e-divisor-de-aguas-na-discussao-do-clima-e-cobra-paises-desenvolvidos/"
	},
	{
		"author": "Agência Brasil",
		"category": "business",
		"country": "br",
		"description": "Decisão assinada por Fachin em 2022 agora é julgada em plenárioThe post STF mantém obrigação do Estado de proteger indígenas isolados appeared first on InfoMoney.",
		"image": null,
		"language": "pt",
		"published_at": "2023-08-08T13:38:40+00:00",
		"source": "InfoMoney",
		"title": "STF mantém obrigação do Estado de proteger indígenas isolados",
		"url": "https://www.infomoney.com.br/politica/stf-mantem-obrigacao-do-estado-de-proteger-indigenas-isolados/"
	},
	{
		"author": "Felipe Moreira",
		"category": "business",
		"country": "br",
		"description": "Receita bruta somou R$ 9,024 bilhões no segundo trimestre deste ano, crescimento de 18,1% na comparação com igual etapa do ano passadoThe post RD (RADL3), antiga Raia Drogasil, lucra R$ 363,2 milhões, baixa anual de 2,4% appeared first on InfoMoney.",
		"image": null,
		"language": "pt",
		"published_at": "2023-08-08T22:28:27+00:00",
		"source": "InfoMoney",
		"title": "RD (RADL3), antiga Raia Drogasil, lucra R$ 363,2 milhões, baixa anual de 2,4%",
		"url": "https://www.infomoney.com.br/mercados/rd-radl3-resultados-segundo-trimestre-2023/"
	},
	{
		"author": "Reuters",
		"category": "business",
		"country": "br",
		"description": "\"Caso venha a ser celebrado acordo ou contrato envolvendo o tema, a companhia divulgará ao mercado, nos termos da legislação aplicável\", afirmouThe post Suzano (SUZB3) confirma contato com fabricante chinesa de papel Vinda appeared first on InfoMoney.",
		"image": null,
		"language": "pt",
		"published_at": "2023-08-09T12:11:21+00:00",
		"source": "InfoMoney",
		"title": "Suzano (SUZB3) confirma contato com fabricante chinesa de papel Vinda",
		"url": "https://www.infomoney.com.br/mercados/suzano-suzb3-confirma-contato-com-fabricante-chinesa-de-papel-vinda/"
	},
	{
		"author": "luispereira",
		"category": "business",
		"country": "br",
		"description": "Na decisão, presidente da Câmara diz que não se demonstrou no requerimento a conexão entre as atribuições do ministro e os fatos investigadosThe post Lira atende recurso de deputado do PT e anula convocação de Rui Costa pela CPI do MST appeared first on InfoMoney.",
		"image": null,
		"language": "pt",
		"published_at": "2023-08-09T14:52:59+00:00",
		"source": "InfoMoney",
		"title": "Lira atende recurso de deputado do PT e anula convocação de Rui Costa pela CPI do MST",
		"url": "https://www.infomoney.com.br/politica/lira-atende-recurso-de-deputado-do-pt-e-anula-convocacao-de-rui-costa-pela-cpi-do-mst/"
	},
	{
		"author": "Wesley Santana",
		"category": "business",
		"country": "br",
		"description": "Governo federal incluiu painéis fotovoltaicos na lista de desonerações, mas especialistas dizem que é preciso um projeto maiorThe post Afinal, em que posição está o Brasil na corrida mundial pelos semicondutores? appeared first on InfoMoney.",
		"image": null,
		"language": "pt",
		"published_at": "2023-08-09T15:00:23+00:00",
		"source": "InfoMoney",
		"title": "Afinal, em que posição está o Brasil na corrida mundial pelos semicondutores?",
		"url": "https://www.infomoney.com.br/business/posicao-do-brasil-na-corrida-mundial-pelos-semicondutores/"
	},
	{
		"author": "Equipe InfoMoney",
		"category": "business",
		"country": "br",
		"description": "Em recuperação judicial, construtora reportou prejuízo de R$ 43,1 milhões de abril a junhoThe post Rossi (RSID3) reduz prejuízo em 27,6% no 2º trimestre; dívida líquida soma R$ 612,5 milhões appeared first on InfoMoney.",
		"image": null,
		"language": "pt",
		"published_at": "2023-08-10T00:31:07+00:00",
		"source": "InfoMoney",
		"title": "Rossi (RSID3) reduz prejuízo em 27,6% no 2º trimestre; dívida líquida soma R$ 612,5 milhões",
		"url": "https://www.infomoney.com.br/mercados/rossi-rsid3-reduz-prejuizo-segundo-trimestre-divida-liquida/"
	},
	{
		"author": "Lara Rizério",
		"category": "business",
		"country": "br",
		"description": "XP, Genial e Itaú BBA reforçaram visão positiva com os ativos após o resultado, enquanto Bradesco BBI mostra maior ceticismoThe post Banco do Brasil (BBAS3) é mais uma vez o &#8220;campeão&#8221; de lucro e ROE entre os bancões: o que esperar para a ação? appeared first on InfoMoney.",
		"image": null,
		"language": "pt",
		"published_at": "2023-08-10T14:10:20+00:00",
		"source": "InfoMoney",
		"title": "Banco do Brasil (BBAS3) é mais uma vez o “campeão” de lucro e ROE entre os bancões: o que esperar para a ação?",
		"url": "https://www.infomoney.com.br/mercados/banco-do-brasil-bbas3-e-mais-uma-vez-o-campeao-de-lucro-e-roe-entre-os-bancoes-o-que-esperar-para-a-acao/"
	},
	{
		"author": null,
		"category": "general",
		"country": "br",
		"description": "Como as mudanças na lei e a independência financeira estão ajudando mulheres solteiras a manter seus bebês Zhang Meili planeja criar seu filho Heng Heng com a ajuda de sua mãeArquivo Pessoal/Via BBCAté o ano passado, não era possível, na prática, para a maioria das mulheres solteiras se tornar mãe na China. Mas uma mudança social está em andamento e provocando efeitos nas políticas públicas do país.Em seu apartamento nos arredores de Xangai, Zhang Meili nina seu bebê. Enquanto ele gargalha feliz, ela lhe diz que vai sair de casa em breve para ganhar dinheiro.Depois que sua mãe...",
		"image": "https://s2.glbimg.com/dsb0xE4B4-aa6z2zLA1u0mPJ1Pc=/i.s3.glbimg.com/v1/AUTH_59edd422c0c84a879bd37670ae4f538a/internal_photos/bs/2023/C/S/wfMR5cRaCNjvyzaOIA9w/bbc-maes-01.jpg",
		"language": "pt",
		"published_at": "2023-08-01T06:30:31+00:00",
		"source": "G1 - Mundo",
		"title": "Mães solo: as mudanças que estão permitindo a mais mulheres criarem filhos sem pais por perto na China",
		"url": "https://g1.globo.com/mundo/noticia/2023/08/01/maes-solo-as-mudancas-que-estao-permitindo-a-mais-mulheres-criarem-filhos-sem-pais-por-perto-na-china.ghtml"
	},
	{
		"author": "Rafael Almeida",
		"category": "general",
		"country": "br",
		"description": "IZA e MC Carol se unem em colaboração musical para o segundo álbum de IZA Os fãs de música podem finalmente comemorar, após uma longa espera de cinco anos, pois está chegando o tão aguardado segundo álbum da talentosa cantora IZA. Essa notícia empolgante traz consigo a revelação de uma colaboração musical especial, envolvendo a [...]",
		"image": null,
		"language": "pt",
		"published_at": "2023-08-01T06:03:43+00:00",
		"source": "jornalahoraonline",
		"title": "Impactante Ensaio Temático de IZA e MC Carol para Nova Música: ‘Fé nas Maluca’",
		"url": "https://jornalahoraonline.com.br/impactante-ensaio-tematico-de-iza-e-mc-carol-para-nova-musica-fe-nas-maluca/"
	},
	{
		"author": "Carolina Rodrigues",
		"category": "general",
		"country": "br",
		"description": "Justiça declara inconstitucional lei sobre o homeschooling no Distrito Federal O Tribunal de Justiça do Distrito Federal (TJDFT) declarou inconstitucional a Lei 6.759/2020, que regulamentava a educação domiciliar no Distrito Federal. A decisão foi tomada após o Sindicato dos Professores do DF (Sinpro/DF) mover uma ação argumentando violações aos marcos legais da educação. A lei [...]",
		"image": null,
		"language": "pt",
		"published_at": "2023-08-01T04:07:25+00:00",
		"source": "jornalahoraonline",
		"title": "Justiça declara inconstitucional lei sobre homeschooling no DF",
		"url": "https://jornalahoraonline.com.br/justica-declara-inconstitucional-lei-sobre-homeschooling-no-df/"
	},
	{
		"author": null,
		"category": "general",
		"country": "br",
		"description": "&nbsp;AMOR PERFEITO &ndash; Globo, 17h35Gilda fica exultante com a decis&atilde;o de Orlando de se casar com ela. Jo&atilde;o agradece as palavras de Darlene. Ademar sofre por ter perdido S&ocirc;nia, e acaba magoando Ione. Orlando revela a Marcelino o plano que bolou com Mar&ecirc; para salv&aacute;-lo de Gilda. Marcelino comenta com Neiva sobre o plano de Mar&ecirc; contra Gilda. Gilda anuncia seu casamento com Orlando aos funcion&aacute;rios do hotel, e logo todos na cidade ficam sabendo. Gaspar confronta Gilda sobre o assassinato de Luc&iacute;lia.VAI NA F&Eacute; &ndash; Globo...",
		"image": null,
		"language": "pt",
		"published_at": "2023-08-01T04:25:00+00:00",
		"source": "diariodecuiaba",
		"title": "Veja a programação de hoje das novelas",
		"url": "https://www.diariodecuiaba.com.br/ilustrado/veja-a-programacao-de-hoje-das-novelas/657635"
	},
	{
		"author": "Informe Publieditorial",
		"category": "general",
		"country": "br",
		"description": "Sancionada em 7 de agosto de 2006, a Lei nº 11.340, conhecida como Lei Maria da Penha, objetivou proteger a mulher da violência doméstica e familiar. A lei recebeu esse nome devido à luta de Maria da Penha por reparação e justiça.Farmacêutica e natural do Ceará, Maria da Penha sofreu constantes agressões por parte do marido. No ano de 1983, seu esposo tentou matá-la com um tiro de espingarda. Maria escapou da morte, mas ficou paraplégica. Quando voltou para casa, após a internação e tratamentos, sofreu uma nova tentativa de assassinato. Dessa vez, o marido tentou eletrocutá-la....",
		"image": null,
		"language": "pt",
		"published_at": "2023-08-01T13:41:46+00:00",
		"source": "defatoonline",
		"title": "Lei Maria da Penha: um marco nos direitos das mulheres!",
		"url": "https://defatoonline.com.br/lei-maria-da-penha-um-marco-nos-direitos-das-mulheres/"
	},
	{
		"author": "Da Redação",
		"category": "general",
		"country": "br",
		"description": "As coletas de material para exames clínicos estão suspensas nesta quarta e quinta-feira, 02 e 03 de agosto em toda a rede municipal. A Secretaria Municipal de Saúde precisou suspender esse serviço para fazer a troca do sistema gestor de informações dos pacientes. Os usuários que tiverem os pedidos médicos devem aguardar a regularização do [&#8230;]O post Coletas de material para exame estarão suspensas nesta quarta e quinta-feira apareceu primeiro em O Documento.",
		"image": null,
		"language": "pt",
		"published_at": "2023-08-01T13:45:51+00:00",
		"source": "odocumento",
		"title": "Coletas de material para exame estarão suspensas nesta quarta e quinta-feira",
		"url": "https://odocumento.com.br/coletas-de-material-para-exame-estarao-suspensas-nesta-quarta-e-quinta-feira/"
	},
	{
		"author": "",
		"category": "general",
		"country": "br",
		"description": "O presidente Lula (PT) afirmou que pediu ao ministro Paulo Pimenta (Secom) para que o governo crie um canal de TV internacional para mostrar o país ao mundo.Leia mais (08/01/2023 - 10h37)",
		"image": null,
		"language": "pt",
		"published_at": "2023-08-01T13:37:00+00:00",
		"source": "Folha de São Paulo",
		"title": "Lula fala em criar TV estatal internacional para mostrar Brasil no exterior",
		"url": "https://redir.folha.com.br/redir/online/poder/rss091/*https://www1.folha.uol.com.br/poder/2023/08/lula-fala-em-criar-tv-estatal-internacional-para-mostrar-brasil-no-exterior.shtml"
	},
	{
		"author": "Da Redação",
		"category": "general",
		"country": "br",
		"description": "A Comissão de Assuntos Econômicos (CAE) aprovou, nesta terça-feira (1º), duas emendas de Plenário ao Projeto de Lei Complementar (PLP) 257/2019, que garante reserva de recursos para atender calamidades públicas no orçamento da União. A senadora Leila Barros (PDT-DF) é autora tanto do projeto quanto das emendas, que foram acatadas pelo relator na comissão, senador [&#8230;]O post CAE altera projeto que destina reserva de contingência para desastres apareceu primeiro em O Documento.",
		"image": null,
		"language": "pt",
		"published_at": "2023-08-01T15:46:56+00:00",
		"source": "odocumento",
		"title": "CAE altera projeto que destina reserva de contingência para desastres",
		"url": "https://odocumento.com.br/cae-altera-projeto-que-destina-reserva-de-contingencia-para-desastres/"
	},
	{
		"author": "Da Redação",
		"category": "general",
		"country": "br",
		"description": "O Sine Municipal, administrado pela Secretaria de Agricultura, Trabalho e Desenvolvimento Econômico (SMATED), oferta nesta terça-feira (1º), 650 vagas de empregos destinadas a diversas áreas e níveis de formação. Dentre as oportunidades, há 70 vagas para operador de caixa, com salário de R$ 1.430,00, além de vários benefícios. Além das unidades do Sine já conhecidas, [&#8230;]O post Sine Municipal oferta 650 vagas nesta terça-feira (1º de agosto); há 70 vagas para operador de caixa apareceu primeiro em O Documento.",
		"image": null,
		"language": "pt",
		"published_at": "2023-08-01T15:46:55+00:00",
		"source": "odocumento",
		"title": "Sine Municipal oferta 650 vagas nesta terça-feira (1º de agosto); há 70 vagas para operador de caixa",
		"url": "https://odocumento.com.br/sine-municipal-oferta-650-vagas-nesta-terca-feira-1o-de-agosto-ha-70-vagas-para-operador-de-caixa/"
	},
	{
		"author": "Da Redação",
		"category": "general",
		"country": "br",
		"description": "A Delegacia da Polícia Civil de Confresa identificou o condutor que causou um acidente no fim de semana e que resultou na morte de uma mulher e ferimentos graves contra o filho dela, de 12 anos. O acidente foi registrado na noite de sábado, 29 de julho, no bairro Vila Nova. O investigado conduzia um [&#8230;]O post Polícia Civil identifica autor de colisão que matou mãe e deixou filho em estado grave apareceu primeiro em O Documento.",
		"image": null,
		"language": "pt",
		"published_at": "2023-08-01T15:46:54+00:00",
		"source": "odocumento",
		"title": "Polícia Civil identifica autor de colisão que matou mãe e deixou filho em estado grave",
		"url": "https://odocumento.com.br/policia-civil-identifica-autor-de-colisao-que-matou-mae-e-deixou-filho-em-estado-grave/"
	},
	{
		"author": null,
		"category": "general",
		"country": "br",
		"description": "Veja as reportagens das regiões de Campinas e Piracicaba. Veja as reportagens das regiões de Campinas e Piracicaba.",
		"image": "https://s2.glbimg.com/5T-6zkBPzAka984IfD2dAKXL0zY=/s01.video.glbimg.com/deo/vi/69/87/11828769",
		"language": "pt",
		"published_at": "2023-08-01T16:01:05+00:00",
		"source": "G1 - SP - Piracicaba e região",
		"title": "VÍDEOS: EPTV 1 Piracicaba desta terça-feira, 1º de agosto",
		"url": "https://g1.globo.com/sp/piracicaba-regiao/playlist/videos-eptv-1-piracicaba-desta-terca-feira-1-de-agosto.ghtml"
	},
	{
		"author": null,
		"category": "general",
		"country": "br",
		"description": "Vítimas foram amarradas durante a ação. De acordo com a polícia, depois de roubarem valores, suspeitos fugiram com carro da família, levando eletrônicos e até carnes da casa. Viatura PMPRDivulgação/PMPRUma família foi feita refém e roubada por pelo menos três homens em Ponta Grossa, nos Campos Gerais.De acordo com a Polícia Civil (PC-PR), o crime aconteceu na casa das vítimas, que foi invadida pelo grupo. Eles amarram a família e obrigaram as vítimas a fazerem transferências por Pix. O grupo também estava com uma máquina de cartão para roubar a família.Compartilhe no...",
		"image": "https://s2.glbimg.com/CdqsaeF2bG_D6MHhlWaK2nLeqQk=/i.s3.glbimg.com/v1/AUTH_59edd422c0c84a879bd37670ae4f538a/internal_photos/bs/2020/D/h/6ueJ2kTUSlLyZAiWvbHw/eqahlkew8aepzq1.jpg",
		"language": "pt",
		"published_at": "2023-08-01T15:43:39+00:00",
		"source": "G1 - PR - Campos Gerais e Sul",
		"title": "Homens levam ‘maquininha’ para assalto e obrigam família a passar cartão e fazer Pix, em Ponta Grossa",
		"url": "https://g1.globo.com/pr/campos-gerais-sul/noticia/2023/08/01/homens-levam-maquininha-para-assalto-e-obrigam-familia-a-passar-cartao-e-fazer-pix-em-ponta-grossa.ghtml"
	},
	{
		"author": null,
		"category": "general",
		"country": "br",
		"description": "Unidade pode ser usada para realização do Cadastro Único e para ter acesso a benefícios sociais. Cras Vicente Simino - Alto Paraná Google Maps O Cras (Centro de Referência da Assistência Social) é um serviço mantido pela prefeitura de cada município e pelo Governo Federal destinado à orientação e prestação de benefícios sociais, como o Cadastro Único. CadÚnico: o que é, quem tem direito, como se inscrever e quais os benefíciosConfira o endereço do Cras de Alto Paraná :Cras Alto Paraná Endereço: Rua Platão, 1876 - CentroTelefone: (44) 3447-2222/(44) 99721-0241E-mail...",
		"image": "https://s2.glbimg.com/XEcSq7E3mmKnV3K9XDhBVuv46pw=/i.s3.glbimg.com/v1/AUTH_59edd422c0c84a879bd37670ae4f538a/internal_photos/bs/2023/D/m/y5avsDSqyYcwy39Gj6dA/captura-de-tela-2023-07-05-093621.png",
		"language": "pt",
		"published_at": "2023-08-01T16:00:34+00:00",
		"source": "G1 - PR - Oeste e Sudoeste",
		"title": "Você precisa saber: veja o endereço do Cras de Alto Paraná",
		"url": "https://g1.globo.com/pr/norte-noroeste/noticia/2023/08/01/voce-precisa-saber-veja-o-endereco-do-cras-de-alto-parana.ghtml"
	},
	{
		"author": "Guilherme Guerra",
		"category": "general",
		"country": "br",
		"description": "O Supremo Tribunal Federal (STF) retoma hoje (1º) o julgamento que deve proibir o uso da tese de legítima defesa da honra para justificar a absolvição de condenados por feminicídio. A sessão está prevista para às 14h. Até o momento, o plenário formou maioria de seis votos para impedir que a tese possa ser utilizada como argumento de defesa dos advogados do réu ou para justificar absolvição pelo Tribunal do Júri. Faltam os votos das ministras Rosa Weber e Cármen Lúcia. [links]O STF julga uma ação protocolada pelo PDT em 2021 para impedir a absolvição de homens acusados de...",
		"image": null,
		"language": "pt",
		"published_at": "2023-08-01T15:46:53+00:00",
		"source": "defatoonline",
		"title": "STF retoma julgamento sobre defesa da honra em casos de feminicídio",
		"url": "https://defatoonline.com.br/stf-retoma-julgamento-sobre-defesa-da-honra-em-casos-de-feminicidio/"
	},
	{
		"author": "Felipe Gugelmin",
		"category": "general",
		"country": "br",
		"description": "Uma versão modificada do teste de rede de Tekken 8 já está circulando pela internetO post Bandai Namco vai banir de torneios quem jogar Tekken 8 crackeado apareceu primeiro em Adrenaline.",
		"image": "https://www.adrenaline.com.br/wp-content/plugins/seox-image-magick/imagick_convert.php?width=200&height=150&format=webp&quality=91&imagick=uploads.adrenaline.com.br/2023/08/Bandai-Namco-vai-banir-de-torneios-quem-jogar-Tekken-8-crackeado-01-200x150.jpg",
		"language": "pt",
		"published_at": "2023-08-01T16:10:48+00:00",
		"source": "adrenaline",
		"title": "Bandai Namco vai banir de torneios quem jogar Tekken 8 crackeado",
		"url": "https://www.adrenaline.com.br/games/bandai-namco-vai-banir-de-torneios-quem-jogar-tekken-8-crackeado/"
	},
	{
		"author": "Da Redação",
		"category": "general",
		"country": "br",
		"description": "A Secretaria de Desenvolvimento Econômico, por meio do departamento de turismo, realizou um encontro com representantes de agências de viagens e turismo do município, com a presença da consultora do Serviço Brasileiro de Apoio às Micro e Pequenas Empresas (Sebrae), Amanda Maciel. Na ocasião foi apresentado o programa “agentes de roteiros turísticos”, desenvolvido pelo Sebrae [&#8230;]O post Prefeitura reúne agências de turismo para debater desenvolvimento e mapeamento do setor apareceu primeiro em O Documento.",
		"image": null,
		"language": "pt",
		"published_at": "2023-08-01T18:16:28+00:00",
		"source": "odocumento",
		"title": "Prefeitura reúne agências de turismo para debater desenvolvimento e mapeamento do setor",
		"url": "https://odocumento.com.br/prefeitura-reune-agencias-de-turismo-para-debater-desenvolvimento-e-mapeamento-do-setor/"
	},
	{
		"author": "Da Redação",
		"category": "general",
		"country": "br",
		"description": "O ex-diretor-adjunto da Agência Brasileira de Inteligência (Abin) Saulo Moura da Cunha disse nesta terça-feira (1º) que o então ministro-chefe do Gabinete de Segurança Institucional (GSI), general Marco Edson Gonçalves Dias, foi informado sobre o risco de ataque às sedes dos Três Poderes. Cunha presta depoimentos à CPMI do 8 de Janeiro e respondeu a [&#8230;]O post Ex-diretor da Abin diz à CPMI que GDias sabia do risco de ataques apareceu primeiro em O Documento.",
		"image": null,
		"language": "pt",
		"published_at": "2023-08-01T18:16:27+00:00",
		"source": "odocumento",
		"title": "Ex-diretor da Abin diz à CPMI que GDias sabia do risco de ataques",
		"url": "https://odocumento.com.br/ex-diretor-da-abin-diz-a-cpmi-que-gdias-sabia-do-risco-de-ataques/"
	},
	{
		"author": "Da Redação",
		"category": "general",
		"country": "br",
		"description": "Investimentos na ordem de R$ 157 milhões em obras de ampliação do sistema de esgotamento sanitário A Administração Municipal apresentou nesta segunda-feira (31) uma contraproposta que condiciona um eventual aditivo de prazo e/ou renovação da concessão da empresa Águas de Sorriso a conclusão de 100% das obras de esgotamento sanitário no Município. Elaborado pelo Comitê [&#8230;]O post Renovação de concessão está condicionada a conclusão de obras até 2027; define Comitê Hídrico apareceu primeiro em O Documento.",
		"image": null,
		"language": "pt",
		"published_at": "2023-08-01T18:16:26+00:00",
		"source": "odocumento",
		"title": "Renovação de concessão está condicionada a conclusão de obras até 2027; define Comitê Hídrico",
		"url": "https://odocumento.com.br/renovacao-de-concessao-esta-condicionada-a-conclusao-de-obras-ate-2027-define-comite-hidrico/"
	},
	{
		"author": "Raphael Giannotti",
		"category": "general",
		"country": "br",
		"description": "O novo game de mechas deve ser um dos maiores títulos da franquia Armored CoreO post Armored Core VI terá duração máxima de 60 horas apareceu primeiro em Adrenaline.",
		"image": "https://www.adrenaline.com.br/wp-content/plugins/seox-image-magick/imagick_convert.php?width=200&height=150&format=webp&quality=91&imagick=uploads.adrenaline.com.br/2023/07/armored-core-vi-fires-of-rubicon-6-200x150.jpg",
		"language": "pt",
		"published_at": "2023-08-01T17:30:44+00:00",
		"source": "adrenaline",
		"title": "Armored Core VI terá duração máxima de 60 horas",
		"url": "https://www.adrenaline.com.br/games/armored-core-vi-tera-duracao-maxima-de-60-horas/"
	},
	{
		"author": null,
		"category": "general",
		"country": "br",
		"description": "Promulgada em 1943, a CLT (Consolidação das Leis do Trabalho), além das regras gerais do trabalho no Brasil, regulamentava em seu Título III, específica e detalhadamente, algumas categorias profissionais mais destacadas e organizadas. Fotografia da sociedade brasileira da década de 1940, a le...",
		"image": null,
		"language": "pt",
		"published_at": "2023-08-01T18:11:06+00:00",
		"source": "conjur",
		"title": "Sylvio Nicoleit: ADI 5.322 modifica a Lei dos Motoristas",
		"url": "https://www.conjur.com.br/2023-ago-01/sylvio-nicoleit-adi-5322-modifica-lei-motoristas"
	},
	{
		"author": "Da Redação",
		"category": "general",
		"country": "br",
		"description": "O ex-diretor-adjunto da Agência Brasileira de Inteligência (Abin) Saulo Moura da Cunha disse em depoimento à CPMI do 8 de Janeiro não saber se os ataques às sedes dos três Poderes foram facilitados pela eventual omissão de autoridades. Ele destacou, no entanto, que relatórios da Abin indicam “certa organização de grupos extremistas” dias antes dos [&#8230;]O post &#8220;Não posso afirmar o que deu errado&#8221;, afirma ex-diretor da Abin apareceu primeiro em O Documento.",
		"image": null,
		"language": "pt",
		"published_at": "2023-08-01T20:17:27+00:00",
		"source": "odocumento",
		"title": "“Não posso afirmar o que deu errado”, afirma ex-diretor da Abin",
		"url": "https://odocumento.com.br/nao-posso-afirmar-o-que-deu-errado-afirma-ex-diretor-da-abin/"
	},
	{
		"author": "Da Redação",
		"category": "general",
		"country": "br",
		"description": "O Projeto de Lei 975/23 estabelece que os critérios de disponibilização de vagas em creches (para crianças de até 3 anos de idade) e pré-escolas públicas (para crianças de 4 a 5 anos), a serem definidos por cada município, deverão considerar as crianças afastadas do convívio familiar; e as com registro civil em que não conste [&#8230;]O post Projeto estabelece critérios para priorização de vagas em creches públicas apareceu primeiro em O Documento.",
		"image": null,
		"language": "pt",
		"published_at": "2023-08-01T20:17:22+00:00",
		"source": "odocumento",
		"title": "Projeto estabelece critérios para priorização de vagas em creches públicas",
		"url": "https://odocumento.com.br/projeto-estabelece-criterios-para-priorizacao-de-vagas-em-creches-publicas/"
	},
	{
		"author": "Carlos Simonetti",
		"category": "general",
		"country": "br",
		"description": "Após uma reunião realizada na tarde desta terça-feira, entre o Prefeito José Otávio Germano, o Secretário de Obras Ronaldo Trojahn, integrantes do PSB e o",
		"image": null,
		"language": "pt",
		"published_at": "2023-08-01T20:30:10+00:00",
		"source": "radiofandango",
		"title": "Trojahn permanece na Secretaria de Obras, após reunião com Prefeito José Otávio",
		"url": "https://www.radiofandango.com.br/ultimas/2023/08/01/74591/trojahn-permanece-na-secretaria-de-obras-apos-reuniao-com-prefeito-jose-otavio/"
	},
	{
		"author": "Da Redação",
		"category": "general",
		"country": "br",
		"description": "O senador Confúcio Moura (MDB-RO) lamentou, em pronunciamento nesta terça-feira (1º), a situação do Instituto Nacional de Colonização e Reforma Agrária (Incra) e disse que o órgão, apesar de extremamente importante na política de terras, vem experimentando um “desmonte progressivo” ao longo dos últimos anos. Segundo o parlamentar, a situação é agravada pelo fato de [&#8230;]O post Confúcio Moura pede atenção à regularização de terras e ao Incra apareceu primeiro em O Documento.",
		"image": null,
		"language": "pt",
		"published_at": "2023-08-01T23:00:33+00:00",
		"source": "odocumento",
		"title": "Confúcio Moura pede atenção à regularização de terras e ao Incra",
		"url": "https://odocumento.com.br/confucio-moura-pede-atencao-a-regularizacao-de-terras-e-ao-incra/"
	},
	{
		"author": "Da Redação",
		"category": "general",
		"country": "br",
		"description": "Uma aula diferente marcou o primeiro dia do Curso Oficial de Formação Inicial (Cofi) dos juízes substitutos de Mato Grosso. Eles ouviram desembargadores da administração do Poder Judiciário estadual que, em um diálogo institucional, apresentaram os setores que representavam e também falaram sobre desafios e as alegrias ao assumirem a Comarca. O encontro foi realizado [&#8230;]O post Formação inicial: Presidência, Vice-Presidência, Corregedoria e Esmagis acolhem novos juízes apareceu primeiro em O Documento.",
		"image": null,
		"language": "pt",
		"published_at": "2023-08-01T23:00:33+00:00",
		"source": "odocumento",
		"title": "Formação inicial: Presidência, Vice-Presidência, Corregedoria e Esmagis acolhem novos juízes",
		"url": "https://odocumento.com.br/formacao-inicial-presidencia-vice-presidencia-corregedoria-e-esmagis-acolhem-novos-juizes/"
	},
	{
		"author": "Da Redação",
		"category": "general",
		"country": "br",
		"description": "A Corte Especial do Superior Tribunal de Justiça (STJ) adiou mais uma vez a definição se deve ser aplicada, sobre as dívidas civis com pagamento em atraso, juros de mora de 1% ao mês mais inflação ou a taxa Selic &#8211; taxa básica de juros, definida pelo Banco Central. O julgamento foi interrompido por um [&#8230;]O post STJ volta a adiar análise sobre adoção da Selic nas dívidas civis apareceu primeiro em O Documento.",
		"image": null,
		"language": "pt",
		"published_at": "2023-08-01T23:00:32+00:00",
		"source": "odocumento",
		"title": "STJ volta a adiar análise sobre adoção da Selic nas dívidas civis",
		"url": "https://odocumento.com.br/stj-volta-a-adiar-analise-sobre-adocao-da-selic-nas-dividas-civis/"
	},
	{
		"author": "Da Redação",
		"category": "general",
		"country": "br",
		"description": "O Ministério das Relações Exteriores promoveu, no Palácio Itamaraty, em Brasília, nesta terça-feira (1º), o seminário Acelerando a Implementação dos Objetivos de Desenvolvimento Sustentável: a Agenda 2030 no Brasil.  O evento é preparatório para a Cúpula dos Objetivos de Desenvolvimento Sustentável, em setembro, na sede da Organização das Nações Unidas (ONU), que marcará a metade [&#8230;]O post Itamaraty promove seminário sobre aceleração da Agenda 2030 no país apareceu primeiro em O Documento.",
		"image": null,
		"language": "pt",
		"published_at": "2023-08-01T23:45:46+00:00",
		"source": "odocumento",
		"title": "Itamaraty promove seminário sobre aceleração da Agenda 2030 no país",
		"url": "https://odocumento.com.br/itamaraty-promove-seminario-sobre-aceleracao-da-agenda-2030-no-pais/"
	},
	{
		"author": "Da Redação",
		"category": "general",
		"country": "br",
		"description": "A Petrobras anunciou nesta terça-feira (1º) um programa inédito para bolsistas, com investimentos na capacitação de toda a cadeia de inovação, desde a formação de mão de obra até a preparação de fornecedores, por meio de empreendedorismo. O objetivo da proposta é impulsionar o ecossistema nacional. O presidente da Petrobras, Jean Paul Prates, destacou que [&#8230;]O post Petrobras concederá bolsas acadêmicas para desenvolvimento tecnológico apareceu primeiro em O Documento.",
		"image": null,
		"language": "pt",
		"published_at": "2023-08-01T23:45:45+00:00",
		"source": "odocumento",
		"title": "Petrobras concederá bolsas acadêmicas para desenvolvimento tecnológico",
		"url": "https://odocumento.com.br/petrobras-concedera-bolsas-academicas-para-desenvolvimento-tecnologico/"
	},
	{
		"author": "CGN",
		"category": "general",
		"country": "br",
		"description": "O Ministério das Relações Exteriores promoveu, no Palácio Itamaraty, em Brasília, nesta terça-feira (1º), o seminário Acelerando a Implementação dos Objetivos de Desenvolvimento Sustentável: a Agenda",
		"image": null,
		"language": "pt",
		"published_at": "2023-08-01T23:36:50+00:00",
		"source": "cgn",
		"title": "Itamaraty promove seminário sobre aceleração da Agenda 2030 no país",
		"url": "https://cgn.inf.br/noticia/1238284/itamaraty-promove-seminario-sobre-aceleracao-da-agenda-2030-no-pais"
	},
	{
		"author": "Da Redação",
		"category": "general",
		"country": "br",
		"description": "O senador Chico Rodrigues (PSB-RR) criticou, em pronunciamento nesta segunda-feira (1º), a decisão do governo federal de não dar continuidade ao Programa Nacional das Escolas Cívico-Militares. O senador ressaltou a importância dessas escolas no sistema educacional do país e destacou atributos como qualidade, acompanhamento, regime de disciplina, hierarquia e respeito entre os colegas no ambiente escolar. — Quando pensamos em [&#8230;]O post Chico Rodrigues defende manutenção de escolas cívico-militares apareceu primeiro em O Documento.",
		"image": null,
		"language": "pt",
		"published_at": "2023-08-01T23:16:48+00:00",
		"source": "odocumento",
		"title": "Chico Rodrigues defende manutenção de escolas cívico-militares",
		"url": "https://odocumento.com.br/chico-rodrigues-defende-manutencao-de-escolas-civico-militares/"
	},
	{
		"author": "Esporte News Mundo",
		"category": "sports",
		"country": "br",
		"description": "Nesta terça-feira (1), River Plate e Internacional se enfrentarão, no Monumental de Nunez, em ...",
		"image": null,
		"language": "pt",
		"published_at": "2023-08-01T00:08:00+00:00",
		"source": "Terra Esportes",
		"title": "River Plate x Internacional: Retrospecto, prováveis escalações, desfalques e onde assistir",
		"url": "https://www.terra.com.br/esportes/internacional/river-plate-x-internacional-retrospecto-provaveis-escalacoes-desfalques-e-onde-assistir,c406282557a2e666ec8dc721443e944fhgnnu8z4.html"
	},
	{
		"author": "Jogada10",
		"category": "sports",
		"country": "br",
		"description": "O Corinthians encara o Newell's Old Boys, nesta terça-feira (1/8), às 21h30 (de Brasília), na ...",
		"image": null,
		"language": "pt",
		"published_at": "2023-08-01T00:32:03+00:00",
		"source": "Terra Esportes",
		"title": "Corinthians x Newell´s Old Boys: onde assistir, escalações e arbitragem",
		"url": "https://www.terra.com.br/esportes/corinthians/corinthians-x-newells-old-boys-onde-assistir-escalacoes-e-arbitragem,c3cb17675847c4827bda9334040aa0a6813ib5tc.html"
	},
	{
		"author": "Gazeta Esportiva",
		"category": "sports",
		"country": "br",
		"description": "O Palmeiras vai até o Estádio do Mineirão nesta quarta-feira (2), às 21h30 (de Brasília), para ...",
		"image": null,
		"language": "pt",
		"published_at": "2023-08-01T08:02:04+00:00",
		"source": "Terra Esportes",
		"title": "Atlético-MG x Palmeiras: onde assistir ao jogo de ida pelas oitavas de final da Libertadores",
		"url": "https://www.terra.com.br/esportes/futebol/libertadores/atletico-mg-x-palmeiras-onde-assistir-ao-jogo-de-ida-pelas-oitavas-de-final-da-libertadores,a4b37daf23e87d99989824d60f318e70j3sd3ggc.html"
	},
	{
		"author": "LANCE!",
		"category": "sports",
		"country": "br",
		"description": "Vanderlei Luxemburgo deu a volta por cima no Corinthians. Após um início catastrófico e ter ...",
		"image": null,
		"language": "pt",
		"published_at": "2023-08-01T12:01:15+00:00",
		"source": "Terra Esportes",
		"title": "Contra o Newell´s, Corinthians mira melhor sequência invicta na temporada",
		"url": "https://www.terra.com.br/esportes/corinthians/contra-o-newells-corinthians-mira-melhor-sequencia-invicta-na-temporada,ce7689160acb4974a1ec0cccf306f8a9y8sn7wt7.html"
	},
	{
		"author": "Esporte News Mundo",
		"category": "sports",
		"country": "br",
		"description": "O Cruzeiro se reforçou bastante na janela de transferências do meio do ano, sendo o clube que ...",
		"image": null,
		"language": "pt",
		"published_at": "2023-08-01T15:02:09+00:00",
		"source": "Terra Esportes",
		"title": "Pepa tem impasse para resolver com a lateral direita do Cruzeiro",
		"url": "https://www.terra.com.br/esportes/cruzeiro/pepa-tem-impasse-para-resolver-com-a-lateral-direita-do-cruzeiro,93ee2a16431546399a21b6c877c1474735ugrxr8.html"
	},
	{
		"author": "Esporte News Mundo",
		"category": "sports",
		"country": "br",
		"description": "O atacante Pedro foi ao CT Ninho do Urubu e treinou pela primeira vez desde a agressão do ...",
		"image": null,
		"language": "pt",
		"published_at": "2023-08-01T15:02:07+00:00",
		"source": "Terra Esportes",
		"title": "Pedro faz primeiro treino no CT do Flamengo após agressão de preparador",
		"url": "https://www.terra.com.br/esportes/flamengo/pedro-faz-primeiro-treino-no-ct-do-flamengo-apos-agressao-de-preparador,9226450e3300a715a83bfd1a77858726cdcqmg8c.html"
	},
	{
		"author": "Gazeta Esportiva",
		"category": "sports",
		"country": "br",
		"description": "O atacante Luis Suárez é o principal nome do Grêmio na temporada 2023, sendo decisivo na ...",
		"image": null,
		"language": "pt",
		"published_at": "2023-08-01T14:17:06+00:00",
		"source": "Terra Esportes",
		"title": "Seca? Suárez não participou de gols pelo Grêmio durante o mês de julho",
		"url": "https://www.terra.com.br/esportes/gremio/seca-suarez-nao-participou-de-gols-pelo-gremio-durante-o-mes-de-julho,c6a25bd7e950bd5b9e3d4a67e599ccf6dnasnifv.html"
	},
	{
		"author": "Jogada10",
		"category": "sports",
		"country": "br",
		"description": "O São Paulo está na boca do povo desde a última semana. E o motivo é muito simples: o Tricolor ...",
		"image": null,
		"language": "pt",
		"published_at": "2023-08-01T17:20:06+00:00",
		"source": "Terra Esportes",
		"title": "Efeito James Rodríguez faz São Paulo disparar nas redes",
		"url": "https://www.terra.com.br/esportes/sao-paulo/efeito-james-rodriguez-faz-sao-paulo-disparar-nas-redes,883d68678cf1db702fc448f959238601y2au26eo.html"
	},
	{
		"author": "Gazeta Esportiva",
		"category": "sports",
		"country": "br",
		"description": "Róger Guedes decidiu aceitar a proposta do Al Rayyan, do Catar, e assim deixar o Corinthians ...",
		"image": null,
		"language": "pt",
		"published_at": "2023-08-01T20:06:46+00:00",
		"source": "Terra Esportes",
		"title": "Róger Guedes recusa contraproposta do Corinthians e não deve nem jogar clássico; saiba detalhes",
		"url": "https://www.terra.com.br/esportes/corinthians/roger-guedes-recusa-contraproposta-do-corinthians-e-nao-deve-nem-jogar-classico-saiba-detalhes,3ee948e9dd84c3c51c3610970fc879cefqcx11yz.html"
	},
	{
		"author": "Esporte News Mundo",
		"category": "sports",
		"country": "br",
		"description": "O novo reforço do Santos, o zagueiro João Basso foi registrado no BID (Boletim Informativo) da ...",
		"image": null,
		"language": "pt",
		"published_at": "2023-08-01T20:06:32+00:00",
		"source": "Terra Esportes",
		"title": "João Basso está registrado no BID e participa das atividades no CT Rei Pelé",
		"url": "https://www.terra.com.br/esportes/santos/joao-basso-esta-registrado-no-bid-e-participa-das-atividades-no-ct-rei-pele,eb2ed1838b80d15fd2c59ec910ec01cdjx4zb6x7.html"
	},
	{
		"author": "Jogada10",
		"category": "sports",
		"country": "br",
		"description": "O Atlético ainda tenta reforçar seu elenco para a temporada. No entanto, vê com dificuldade os ...",
		"image": null,
		"language": "pt",
		"published_at": "2023-08-01T19:48:36+00:00",
		"source": "Terra Esportes",
		"title": "Atlético quer Rodrigo Muniz, mas contratação está complicada",
		"url": "https://www.terra.com.br/esportes/atletico-mg/atletico-quer-rodrigo-muniz-mas-contratacao-esta-complicada,18a34dcd80cfafe94c1ee29c6dfde0af7gue99xk.html"
	},
	{
		"author": "LANCE!",
		"category": "sports",
		"country": "br",
		"description": "Róger Guedes optou pela saída do Corinthians . O jogador deve viajar para o Oriente Médio ainda ...",
		"image": null,
		"language": "pt",
		"published_at": "2023-08-01T19:49:01+00:00",
		"source": "Terra Esportes",
		"title": "Róger Guedes agenda viagem ao Qatar e não jogará mais pelo Corinthians",
		"url": "https://www.terra.com.br/esportes/corinthians/roger-guedes-agenda-viagem-ao-qatar-e-nao-jogara-mais-pelo-corinthians,a43bb9c05655450a0492b145f8967ec6zkx69hff.html"
	},
	{
		"author": "Estadão Conteúdo",
		"category": "sports",
		"country": "br",
		"description": "O técnico Vanderlei Luxemburgo afirmou em entrevista coletiva, nesta terça-feira, após a vitória ...",
		"image": null,
		"language": "pt",
		"published_at": "2023-08-02T04:02:35+00:00",
		"source": "Terra Esportes",
		"title": "Luxemburgo manda recado após saída de Róger Guedes: 'Competitividade do Corinthians não diminui'",
		"url": "https://www.terra.com.br/esportes/corinthians/luxemburgo-manda-recado-apos-saida-de-roger-guedes-competitividade-do-corinthians-nao-diminui,7b7778182f0c15686dcfa155b5a25afftry2ftgo.html"
	},
	{
		"author": "Esporte News Mundo",
		"category": "sports",
		"country": "br",
		"description": "E segue a última rodada da fase de grupos da Copa do Mundo Feminina nesta quarta-feira (2)! Às ...",
		"image": null,
		"language": "pt",
		"published_at": "2023-08-02T04:12:36+00:00",
		"source": "Terra Esportes",
		"title": "Panamá x França: retrospecto, escalações, arbitragem e onde assistir",
		"url": "https://www.terra.com.br/esportes/futebol/futebol-feminino/panama-x-franca-retrospecto-escalacoes-arbitragem-e-onde-assistir,c5fb5523a25ae72b30515f37ca55e736qe95fgik.html"
	},
	{
		"author": "Gazeta Esportiva",
		"category": "sports",
		"country": "br",
		"description": "Novo técnico da Seleção Brasileira, Fernando Diniz, também comandante do Fluminense, anunciará ...",
		"image": null,
		"language": "pt",
		"published_at": "2023-08-02T03:18:40+00:00",
		"source": "Terra Esportes",
		"title": "Primeira convocação de Diniz na Seleção Brasileira será no dia 18 de agosto",
		"url": "https://www.terra.com.br/esportes/futebol/primeira-convocacao-de-diniz-na-selecao-brasileira-sera-no-dia-18-de-agosto,f1a449b06472a159f40740c700299f4a46dygxqq.html"
	},
	{
		"author": "Jogada10",
		"category": "sports",
		"country": "br",
		"description": "Três jogos abriram, na noite desta terça-feira (1/8), a 21ª rodada da Série B do Campeonato ...",
		"image": null,
		"language": "pt",
		"published_at": "2023-08-02T04:48:35+00:00",
		"source": "Terra Esportes",
		"title": "Mirassol perde chance de entrar no G4 da Série B; veja jogos da 21ª rodada",
		"url": "https://www.terra.com.br/esportes/botafogo/mirassol-perde-chance-de-entrar-no-g4-da-serie-b-veja-jogos-da-21-rodada,27a4b12fa96dd224b75d636e2b1ce95eh6ztt5so.html"
	},
	{
		"author": "Esporte News Mundo",
		"category": "sports",
		"country": "br",
		"description": "Nesta quinta-feira, Marrocos e Colômbia se enfrentam ás 07:00h, no estádio Perth Rectangular, em ...",
		"image": null,
		"language": "pt",
		"published_at": "2023-08-02T14:03:35+00:00",
		"source": "Terra Esportes",
		"title": "Marrocos e Colômbia fazem decisão em situações distintas no Grupo H",
		"url": "https://www.terra.com.br/esportes/futebol/marrocos-e-colombia-fazem-decisao-em-situacoes-distintas-no-grupo-h,cb8c836a762a3645275d2af32808af03gz1h8sgj.html"
	},
	{
		"author": "Gazeta Esportiva",
		"category": "sports",
		"country": "br",
		"description": "O Argentinos Junioirs usou as redes sociais para manifestar agradecimento ao Fluminense e ao ...",
		"image": null,
		"language": "pt",
		"published_at": "2023-08-02T14:00:39+00:00",
		"source": "Terra Esportes",
		"title": "Argentinos Juniors agradece ao Fluminense pela preocupação com jogador lesionado",
		"url": "https://www.terra.com.br/esportes/fluminense/argentinos-juniors-agradece-ao-fluminense-pela-preocupacao-com-jogador-lesionado,2d47f0b170f01d1b5cb5074b91fedb68gb66bspj.html"
	},
	{
		"author": "Redação Terra",
		"category": "sports",
		"country": "br",
		"description": "Marta chegou a Copa do Mundo Feminina com o objetivo de conduzir a Seleção Brasileira a ...",
		"image": null,
		"language": "pt",
		"published_at": "2023-08-02T13:58:53+00:00",
		"source": "Terra Esportes",
		"title": "Marta se despede da Copa do Mundo sem conseguir bater recorde",
		"url": "https://www.terra.com.br/esportes/futebol/copa-feminina-2023/marta-se-despede-da-copa-do-mundo-sem-conseguir-bater-recorde,d91c26d43c4d3777711f7aa60fb1c38ed109pw5o.html"
	},
	{
		"author": "Redação Terra",
		"category": "sports",
		"country": "br",
		"description": "Os torcedores brasileiros não encararam bem a eliminação da Seleção da Copa do Mundo Feminina ...",
		"image": null,
		"language": "pt",
		"published_at": "2023-08-02T13:53:32+00:00",
		"source": "Terra Esportes",
		"title": "\"Parabéns, Pia\": técnica é achincalhada na web após derrota do Brasil na Copa Feminina",
		"url": "https://www.terra.com.br/esportes/futebol/copa-feminina-2023/parabens-pia-tecnica-e-achincalhada-na-web-apos-derrota-do-brasil-na-copa-feminina,d859054b586e6fe7f7adc31e9594a8fct04cyw9z.html"
	},
	{
		"author": "Ansa",
		"category": "sports",
		"country": "br",
		"description": "O goleiro Gianluigi Buffon, de 45 anos de idade, anunciou nesta quarta-feira (2) sua ...",
		"image": null,
		"language": "pt",
		"published_at": "2023-08-02T13:33:29+00:00",
		"source": "Terra Esportes",
		"title": "Aos 45 anos, Buffon anuncia aposentadoria do futebol",
		"url": "https://www.terra.com.br/esportes/aos-45-anos-buffon-anuncia-aposentadoria-do-futebol,ef3aa056bc670caa79b595d159cd9a63d2g5341y.html"
	},
	{
		"author": "Jogada10",
		"category": "sports",
		"country": "br",
		"description": "O zagueiro do Argentino Juniors, Luciano Sánchez, teve uma luxação no joelho esquerdo em disputa ...",
		"image": null,
		"language": "pt",
		"published_at": "2023-08-02T20:12:41+00:00",
		"source": "Terra Esportes",
		"title": "Sánchez deixa hospital após luxação no joelho esquerdo e elogia Marcelo, do Fluminense",
		"url": "https://www.terra.com.br/esportes/fluminense/sanchez-deixa-hospital-apos-luxacao-no-joelho-esquerdo-e-elogia-marcelo-do-fluminense,396706e72a237bdee82163a86d6d0c8ci1xp5lxr.html"
	},
	{
		"author": "Jogada10",
		"category": "sports",
		"country": "br",
		"description": "No aspecto verbal, o River Plate chegou a termos suficientes para a contratação de um reforço de ...",
		"image": null,
		"language": "pt",
		"published_at": "2023-08-02T19:33:45+00:00",
		"source": "Terra Esportes",
		"title": "River Plate chega a acordo para se reforçar com Lanzini",
		"url": "https://www.terra.com.br/esportes/futebol/internacional/river-plate-chega-a-acordo-para-se-reforcar-com-lanzini,f65adb32fe8c085026fb05eee173e978yktw3toh.html"
	},
	{
		"author": "Jogada10",
		"category": "sports",
		"country": "br",
		"description": "O Grêmio acertou a contratação de mais um reforço no último dia de abertura da janela de ...",
		"image": null,
		"language": "pt",
		"published_at": "2023-08-02T20:18:43+00:00",
		"source": "Terra Esportes",
		"title": "Grêmio fecha contratação do goleiro Caíque, do Ypiranga-RS",
		"url": "https://www.terra.com.br/esportes/gremio/gremio-fecha-contratacao-do-goleiro-caique-do-ypiranga-rs,da37d4675699e21d028aa1820bda2732lo46btqu.html"
	},
	{
		"author": "Gazeta Esportiva",
		"category": "sports",
		"country": "br",
		"description": "O Vasco segue em busca de reforços, mas também pode se desfazer de alguns jogadores para reduzir ...",
		"image": null,
		"language": "pt",
		"published_at": "2023-08-02T22:03:56+00:00",
		"source": "Terra Esportes",
		"title": "Vasco pode ceder Matías Galarza ao Belgrano para ter o atacante Pablo Vegetti",
		"url": "https://www.terra.com.br/esportes/vasco/vasco-pode-ceder-matias-galarza-ao-belgrano-para-ter-o-atacante-pablo-vegetti,c5168476be0f012d645c3f19c59cc2d2rtmlw1d1.html"
	},
	{
		"author": "Gazeta Esportiva",
		"category": "sports",
		"country": "br",
		"description": "A Uefa Champions League irá iniciar na próxima semana a sua terceira etapa preliminar. Agora, ...",
		"image": null,
		"language": "pt",
		"published_at": "2023-08-02T22:27:41+00:00",
		"source": "Terra Esportes",
		"title": "Veja os confrontos da terceira fase preliminar da Champions League",
		"url": "https://www.terra.com.br/esportes/futebol/internacional/veja-os-confrontos-da-terceira-fase-preliminar-da-champions-league,cad7e9f1bacf79d007ce2103b032079dsjecdkrn.html"
	},
	{
		"author": "Esporte News Mundo",
		"category": "sports",
		"country": "br",
		"description": "Nesta quarta-feira (2), o Coritiba anunciou a chegada do seu último reforço nesta janela de ...",
		"image": null,
		"language": "pt",
		"published_at": "2023-08-02T22:06:37+00:00",
		"source": "Terra Esportes",
		"title": "Coritiba anuncia contratação do zagueiro Reynaldo",
		"url": "https://www.terra.com.br/esportes/coritiba/coritiba-anuncia-contratacao-do-zagueiro-reynaldo,9815ac82218d810a0e6341eacedfeebdd4x3kgjc.html"
	},
	{
		"author": "Redação Terra",
		"category": "sports",
		"country": "br",
		"description": "O apresentador Galvão Bueno criticou a comissão técnica da Seleção Brasileira após a eliminação ...",
		"image": null,
		"language": "pt",
		"published_at": "2023-08-03T01:52:04+00:00",
		"source": "Terra Esportes",
		"title": "Galvão Bueno critica comissão técnica da Seleção e lamenta despedida de Marta da Copa: 'Não merecia'",
		"url": "https://www.terra.com.br/esportes/brasil/galvao-bueno-critica-comissao-tecnica-da-selecao-e-lamenta-despedida-de-marta-da-copa-nao-merecia,92f457e1c891b36f72d9aefe48f79fdf209x606r.html"
	},
	{
		"author": "Jogada10",
		"category": "sports",
		"country": "br",
		"description": "Não tendo Edinson Cavani sequer entre os atletas que viajaram até o Uruguai, o Boca Juniors ...",
		"image": null,
		"language": "pt",
		"published_at": "2023-08-03T02:00:42+00:00",
		"source": "Terra Esportes",
		"title": "Sem Cavani, Nacional e Boca Juniors empatam em Montevidéu",
		"url": "https://www.terra.com.br/esportes/futebol/internacional/sem-cavani-nacional-e-boca-juniors-empatam-em-montevideu,aad7ccd32edf4b3730a66a532b7b9d6dlrxhfr09.html"
	},
	{
		"author": "Esporte News Mundo",
		"category": "sports",
		"country": "br",
		"description": "O Cuiabá vem de bons resultados no Campeonato Brasileiro, e no último jogo, venceu o ...",
		"image": null,
		"language": "pt",
		"published_at": "2023-08-03T11:07:00+00:00",
		"source": "Terra Esportes",
		"title": "Pablo Ceppelini pode não balançar as redes com frequência, mas gol só acontece no Cuiabá por causa dele; confira",
		"url": "https://www.terra.com.br/esportes/cuiaba/pablo-ceppelini-pode-nao-balancar-as-redes-com-frequencia-mas-gol-so-acontece-no-cuiaba-por-causa-dele-confira,2e009e2ff0291afadc26f67bc88c26c0tnnyefkc.html"
	},
	{
		"author": null,
		"category": "technology",
		"country": "br",
		"description": "Atualização também liberou músicas nas publicações em formato de carrossel, além de permitir que criadores de uma corrente compartilhem as respostas dos seus seguidores com a figurinha “Sua Vez”. Novos recursos disponibilizados pelo Instagram nesta sexta-feira (11)DivulgaçãoO Instagram lançou nesta sexta-feira (11) novos recursos para criação de conteúdos na plataforma digital, entre eles, a publicação em conjunto com até quatro pessoas para serem coautoras de um post no feed ou no Reels.A Meta, empresa responsável pelo Instagram, também anunciou a figurinha “Sua Vez...",
		"image": "https://s2.glbimg.com/APvVogUh4QbdJoojy8HY8ZDFMtk=/i.s3.glbimg.com/v1/AUTH_59edd422c0c84a879bd37670ae4f538a/internal_photos/bs/2023/M/K/AuaoT5SYWaNYsIxCuxoQ/ig-music-statics-collabs.png",
		"language": "pt",
		"published_at": "2023-08-11T17:30:14+00:00",
		"source": "G1 - Tecnologia e Games",
		"title": "Instagram agora permite criar post com até quatro autores; veja todas as novidades",
		"url": "https://g1.globo.com/tecnologia/noticia/2023/08/11/instagram-agora-permite-criar-post-com-ate-quatro-autores-veja-todas-as-novidades.ghtml"
	},
	{
		"author": null,
		"category": "technology",
		"country": "br",
		"description": "Segundo o Departamento de Operações Policiais Estratégicas (Dope), crime é classificado como estelionato. Na quinta-feira (9), em São Paulo, um homem foi forçado a compartilhar as senhas das contas bancárias a criminosos após marcar um encontro com uma mulher que ele conheceu no Tinder. Entre as estratégias dos criminosos, estão atrair as vítimas para bairros isolados logo após os contatos no aplicativo de paqueraPriscilla Du Preez via UnsplashVocê já usou algum aplicativo de relacionamento para marcar um encontro com um \"crush\" - termo usado para descrever sentimentos por alguém...",
		"image": "https://s2-g1.glbimg.com/9c4_7FzEw42qW37Zgxk-53xdeiI=/i.s3.glbimg.com/v1/AUTH_59edd422c0c84a879bd37670ae4f538a/internal_photos/bs/2023/a/A/mZsA8xRRyr3dfXd3uI9g/priscilla-du-preez-bjhuu6bpuza-unsplash.jpg",
		"language": "pt",
		"published_at": "2023-11-11T14:15:38+00:00",
		"source": "G1 - Tecnologia e Games",
		"title": "Do 'crush' ao crime: veja dicas para se proteger do 'golpe do amor' usado para sequestrar e roubar vítimas",
		"url": "https://g1.globo.com/tecnologia/noticia/2023/11/11/do-crush-ao-crime-veja-dicas-para-se-proteger-do-golpe-do-amor-usado-para-sequestrar-e-roubar-vitimas.ghtml"
	},
	{
		"author": null,
		"category": "technology",
		"country": "br",
		"description": "Revólver que deve chegar aos EUA em 2024 confirma identidade por reconhecimento facial ou impressão digital. Para pesquisador sobre violência, produto pode reduzir disparos acidentais e roubos de armas, mas não é solução definitiva. Arma inteligente da Biofire usa leitor de digital e sensor de reconhecimento facial para identificar se atirador é uma pessoa autorizadaDivulgação/BiofireOs Estados Unidos devem se tornar, no início de 2024, o primeiro destino de um lote de pistolas que só podem ser disparadas por seus donos ou por pessoas cadastradas por eles.O prazo foi anunciado pela...",
		"image": "https://s2.glbimg.com/QdcHxTlacFdiMLak1oDqcjGQM9o=/i.s3.glbimg.com/v1/AUTH_59edd422c0c84a879bd37670ae4f538a/internal_photos/bs/2023/T/e/4rBRzARqmPZby9tcx8fg/biofire.jpg",
		"language": "pt",
		"published_at": "2023-08-23T08:02:49+00:00",
		"source": "G1 - Tecnologia e Games",
		"title": "Armas inteligentes: fabricante promete pistola que só dispara após identificar atirador",
		"url": "https://g1.globo.com/tecnologia/noticia/2023/08/23/armas-inteligentes-fabricante-promete-pistola-que-so-dispara-apos-identificar-atirador.ghtml"
	},
	{
		"author": null,
		"category": "technology",
		"country": "br",
		"description": "Gigantes de tecnologia, incluindo Apple, Meta e Google, se enquadram na Lei de Serviços Digitais. Norma exige mais transparência em anúncios, proíbe publicidade para crianças ou baseada em dados sensíveis, entre outras medidas. Facebook, Apple, Google e MicrosoftMontagem/ReutersAs \"big techs\", como são chamadas as gigantes da tecnologia, terão que seguir regras mais rígidas na União Europeia a partir desta sexta-feira (25). A mudança afeta serviços da Apple, do Google, da Microsoft, da Amazon e Facebook (confira a lista completa ao final). Elas se enquadram na que foi batizada de...",
		"image": "https://s2.glbimg.com/_r9L_8ye3u1chlYUIg2kafyc0yI=/i.s3.glbimg.com/v1/AUTH_59edd422c0c84a879bd37670ae4f538a/internal_photos/bs/2023/l/A/yYOyBqR3KTKaJK5lzaFw/big-techs-2.jpg",
		"language": "pt",
		"published_at": "2023-08-25T03:00:37+00:00",
		"source": "G1 - Tecnologia e Games",
		"title": "'Big techs' terão regras mais rígidas na União Europeia a partir desta sexta; entenda o que muda",
		"url": "https://g1.globo.com/tecnologia/noticia/2023/08/25/big-techs-terao-regras-mais-rigidas-na-uniao-europeia-a-partir-desta-sexta-entenda-o-que-muda.ghtml"
	},
	{
		"author": null,
		"category": "technology",
		"country": "br",
		"description": "Embora a ameaça de que a IA destrua empregos preocupe milhões de pessoas em todo o mundo, há especialistas que veem oportunidades de emprego. Novas carreiras estão nascendo e a tecnologia “está fazendo evoluir as profissões tradicionais em absolutamente todos os setores”.É o que diz Elena Ibáñez, CEO da Singularity Experts, uma startup que fornece consultoria sobre o mercado de trabalho.“Há muitos estudos que dizem que a Inteligência Artificial (IA) está criando mais empregos do que destruindo”, afirma à BBC Mundo (serviço em espanhol da BBC). A questão, diz a...",
		"image": null,
		"language": "pt",
		"published_at": "2023-09-04T09:43:21+00:00",
		"source": "G1 - Tecnologia e Games",
		"title": "6 trabalhos que a Inteligência Artificial está criando e como se preparar para eles",
		"url": "https://g1.globo.com/tecnologia/noticia/2023/09/04/6-trabalhos-que-a-inteligencia-artificial-esta-criando-e-como-se-preparar-para-eles.ghtml"
	},
	{
		"author": null,
		"category": "technology",
		"country": "br",
		"description": "Criminoso vendeu a panela de pressão por R$ 60, mas a maquininha não estaria funcionando. Aposentada passou o cartão cinco vezes e não viu o valor que estava sendo debitado. Mulher é vítima do golpe da maquinha ao comprar panela na porta de casa e perde R$ 9 milUma moradora de Osasco, na Grande São Paulo, conta como foi vítima do golpe da maquininha do cartão de crédito na porta da própria casa. A aposentada Araci Garcia Guidi diz que um homem bateu no portão da sua casa vendendo panelas de pressão e que o preço estava atrativo. \"Um rapaz bem distinto e com um carrão do ano...",
		"image": "https://s2-g1.glbimg.com/TGjBx8A8Sdf_9JMHxXJvm-deUns=/i.s3.glbimg.com/v1/AUTH_59edd422c0c84a879bd37670ae4f538a/internal_photos/bs/2023/1/U/XFh8bqSIAxCB73qfjWjw/profrep-505-golpes-21102023-bloco1-frame-44932.jpeg",
		"language": "pt",
		"published_at": "2023-11-22T20:31:10+00:00",
		"source": "G1 - Tecnologia e Games",
		"title": "'Passei umas cinco vezes': mulher é vítima do golpe da maquininha ao comprar panela de pressão na porta de casa e perde R$ 9 mil",
		"url": "https://g1.globo.com/profissao-reporter/noticia/2023/11/22/passei-umas-cinco-vezes-mulher-e-vitima-do-golpe-da-maquininha-ao-comprar-panela-de-pressao-na-porta-de-casa-e-perde-r-9-mil.ghtml"
	},
	{
		"author": null,
		"category": "technology",
		"country": "br",
		"description": "Cofundador da Microsoft disse em podcast que a tecnologia pode fazer com que as pessoas não tenham que 'trabalhar tanto'. Bill Gates durante o Fórum Econômico Mundial, em maio de 2022Reuters/Arnd WiegmannO experimento da semana de 4 dias de trabalho já é realidade em algumas empresas, mas, nesta semana, Bill Gates, um dos fundadores da Microsoft, levantou a possibilidade de uma jornada ainda menor, de três dias, com ajuda da tecnologia. Em entrevista ao podcast \"What Now?\", o bilionário respondeu a uma pergunta do entrevistador Trevor Noah, sobre a inteligência artificial (IA) poder...",
		"image": "https://s2-g1.glbimg.com/ESa53kVOn2L_OUmkbNO8LpJA-ik=/i.s3.glbimg.com/v1/AUTH_59edd422c0c84a879bd37670ae4f538a/internal_photos/bs/2022/0/D/DW6qwwQ5uBLdkyFEQJjQ/bill-gates.jpg",
		"language": "pt",
		"published_at": "2023-11-25T19:05:44+00:00",
		"source": "G1 - Tecnologia e Games",
		"title": "Bill Gates vê possibilidade de semana de 3 dias de trabalho com avanço da IA",
		"url": "https://g1.globo.com/tecnologia/noticia/2023/11/25/bill-gates-ve-possibilidade-de-semana-de-3-dias-de-trabalho-com-avanco-da-ia.ghtml"
	},
	{
		"author": null,
		"category": "technology",
		"country": "br",
		"description": "Quando habilitado, o recurso desativa dados móveis, Wi-Fi, Bluetooth, NFC e GPS do celular para impedir inteferências nas aeronaves. Ainda assim, é possível usar dois desses recursos durante a viagem; entenda. Modo avião do celular: por que é preciso ativar o recurso durante voosDarlan Helder/g1Os celulares mais recentes possuem conexões que usam ondas eletromagnéticas (ou \"ondas de rádio\") para troca de informações, e essas tecnologias podem afetar os equipamentos de alguns aviões. É por isso que os smartphones precisam ser colocados no \"modo avião\" durante o pouso e a decolagem...",
		"image": "https://s2.glbimg.com/NAjRN9Nb9x2Ls0_NsQXk1JizQ0M=/i.s3.glbimg.com/v1/AUTH_59edd422c0c84a879bd37670ae4f538a/internal_photos/bs/2023/p/n/5pYl3GQeOAXrLGBkBHYw/img-6074.jpg",
		"language": "pt",
		"published_at": "2023-08-27T13:00:35+00:00",
		"source": "G1 - Tecnologia e Games",
		"title": "Modo avião do celular: por que é preciso ativar o recurso durante voos",
		"url": "https://g1.globo.com/tecnologia/noticia/2023/08/27/modo-aviao-do-celular-por-que-e-preciso-ativar-o-recurso-durante-voos.ghtml"
	},
	{
		"author": null,
		"category": "technology",
		"country": "br",
		"description": "Presidente do STF discursou em seminário sobre Tecnologia e Direito. Ele defendeu regras para proteção da privacidade e o controle de conteúdos que não fira a liberdade de expressão. Luís Roberto Barroso, presidente do STFTV Globo/ReproduçãoO presidente do Supremo Tribunal Federal (STF), ministro Luís Roberto Barroso, defendeu nesta terça-feira (21) a regulação das plataformas digitais para proteger os direitos à privacidade e combater conteúdos inadequados nas redes.O ministro participou de um seminário sobre Direito e Tecnologia promovido pela Escola Superior da Advocacia...",
		"image": "https://s2-g1.glbimg.com/-y2YruBNNJ-Xz6xuyl7YMEkjWe4=/i.s3.glbimg.com/v1/AUTH_59edd422c0c84a879bd37670ae4f538a/internal_photos/bs/2023/3/n/W6wOczQfWcAqDkNjjgMw/ilustra-barroso-const-frame-500.jpeg",
		"language": "pt",
		"published_at": "2023-11-21T16:06:04+00:00",
		"source": "G1 - Tecnologia e Games",
		"title": "Barroso prega combate a conteúdos inadequados nas redes e diz que regular plataformas é algo 'inevitável'",
		"url": "https://g1.globo.com/politica/noticia/2023/11/21/barroso-prega-combate-a-conteudos-inadequados-nas-redes-e-diz-que-regular-plataformas-e-algo-inevitavel.ghtml"
	},
	{
		"author": null,
		"category": "technology",
		"country": "br",
		"description": "Preso nos EUA depois de duas semanas foragido, o brasileiro Danilo Cavalcante, de 34 anos, foi encontrado graças a uma tecnologia de detecção de calor presente em um helicóptero da DEA, a agência de combate ao tráfico de drogas dos EUA, que auxiliava a polícia da Pensilvânia no caso Sensores de calor transformam ondas infravermelhas em imagensGETTY IMAGESPreso nos EUA depois de duas semanas foragido, o brasileiro Danilo Cavalcante, de 34 anos, foi encontrado graças, em parte, a uma tecnologia de detecção de calor presente em um helicóptero da DEA, a agência de combate ao tráfico...",
		"image": "https://s2.glbimg.com/_ln-lGXw7KAwJB7N_m_LmGxIyjE=/i.s3.glbimg.com/v1/AUTH_59edd422c0c84a879bd37670ae4f538a/internal_photos/bs/2023/B/g/E8AsRIQNSU09im3vOHXA/whatsapp-image-2023-09-13-at-19.42.36.jpeg",
		"language": "pt",
		"published_at": "2023-09-13T23:00:48+00:00",
		"source": "G1 - Tecnologia e Games",
		"title": "A tecnologia de detecção de calor que ajudou a capturar brasileiro foragido",
		"url": "https://g1.globo.com/tecnologia/noticia/2023/09/13/a-tecnologia-de-deteccao-de-calor-que-ajudou-a-capturar-brasileiro-foragido.ghtml"
	},
	{
		"author": null,
		"category": "technology",
		"country": "br",
		"description": "Evento ocorre entre os dias 3 e 6 de outubro no Píer Mauá. Entre as personalidades do mundo da música recém-divulgadas estão Anitta, Martinho da Villa, Chico Brown (cantor e compositor filho de Carlinhos Brown) além de DJs. Edição anterior da Rio Innovation WeekDivulgaçãoO Rio Innovation Week anunciou novas atrações para a terceira edição do evento, que acontece entre os dias 3 e 6 de outubro no Píer Mauá, na região Central do Rio.Entre as personalidades do mundo da música recém-divulgadas que participarão do evento como palestrantes estão Anitta, Martinho da Villa, Chico...",
		"image": "https://s2.glbimg.com/yKHJ-9kj5ktyKN4RfbPd8ed-aa4=/i.s3.glbimg.com/v1/AUTH_59edd422c0c84a879bd37670ae4f538a/internal_photos/bs/2023/P/y/UDactRTnipTnZFMNkA4w/6-riw-plenariariw-brucedickinson-4389-resized.png",
		"language": "pt",
		"published_at": "2023-10-01T09:01:24+00:00",
		"source": "G1 - Tecnologia e Games",
		"title": "Rio Innovation Week começa nesta terça com cerca de 1.500 palestrantes; veja algumas das confirmações mais recentes",
		"url": "https://g1.globo.com/rj/rio-de-janeiro/rio-innovation-week/noticia/2023/10/01/rio-innovation-week-comeca-nesta-terca-com-cerca-de-1500-palestrantes-veja-algumas-das-confirmacoes-mais-recentes.ghtml"
	},
	{
		"author": null,
		"category": "technology",
		"country": "br",
		"description": "Globo Repórter destacou as novas tecnologias que têm ajudado a salvar vidas - e contou a história do Edson, que precisou passar por cirurgia de remoção da próstata, após ter recebido o diagnóstico de um tumor. Robô opera pacientes e contribui para avanço no tratamento do câncer de próstataO Globo Repórter desta sexta-feira (29) destacou as novas tecnologias que têm ajudado a salvar vidas. A reportagem mostrou a história do Edson Kohan Kamia, que precisou passar por cirurgia de remoção da próstata, após ter recebido o diagnóstico de um tumor ainda em fase inicial. A cirurgia...",
		"image": "https://s2.glbimg.com/72NgOGea1C-5BVwxSWokcLi3TfY=/i.s3.glbimg.com/v1/AUTH_59edd422c0c84a879bd37670ae4f538a/internal_photos/bs/2023/B/y/s2S2QPSL63DmeJUTZyJA/captura-de-tela-2023-09-29-153154.png",
		"language": "pt",
		"published_at": "2023-10-02T10:01:06+00:00",
		"source": "G1 - Tecnologia e Games",
		"title": "Robô opera pacientes e contribui para avanço no tratamento do câncer de próstata; veja tecnologia",
		"url": "https://g1.globo.com/globo-reporter/noticia/2023/10/02/robo-opera-pacientes-e-contribui-para-avanco-no-tratamento-do-cancer-de-prostata-veja-tecnologia.ghtml"
	},
	{
		"author": null,
		"category": "technology",
		"country": "br",
		"description": "No computador, ao apertar cinco teclas ao mesmo tempo, você consegue abrir vários programas da Microsoft. Veja 9 comandos pouco conhecidos. Como abrir o Microsoft Teams, Excel, Outlook (e até o LinkedIn) no teclado do WindowsUnsplash/Hal GatewoodO teclado do Windows \"esconde\" muitas funções que nem todo mundo conhece. Por exemplo, sabia que é possível abrir o Word, Excel, Outlook, PowerPoint e até o LinkedIn só apertando 5 teclas ao mesmo tempo no seu computador? Tudo bem que, no caso do LinkedIn, é mais rápido e prático digitar o endereço da rede social no navegador, mas essa op...",
		"image": "https://s2.glbimg.com/E7scyML9vaQniSSRDYJnjDx6ZFo=/i.s3.glbimg.com/v1/AUTH_59edd422c0c84a879bd37670ae4f538a/internal_photos/bs/2023/X/v/5zqaifRBe9ocLTTT4hgg/hal-gatewood-pr578zcufii-unsplash.jpg",
		"language": "pt",
		"published_at": "2023-10-17T09:01:19+00:00",
		"source": "G1 - Tecnologia e Games",
		"title": "Windows tem atalhos 'secretos' que abrem Word, Excel, Outlook e até LinkedIn; conheça",
		"url": "https://g1.globo.com/tecnologia/noticia/2023/10/17/windows-tem-atalhos-secretos-que-abrem-word-excel-outlook-e-ate-linkedin-conheca.ghtml"
	},
	{
		"author": null,
		"category": "technology",
		"country": "br",
		"description": "Editor de textos foi lançado em 1995, no Windows 95, mas foi perdendo espaço para o Word e, agora, para o Bloco de Notas. WordPad será encerrado após 28 anosReprodução/g1Após 28 anos, a Microsoft anunciou na última sexta-feira (1) que não está mais atualizando o WordPad e, em breve, ele será removido dos dispositivos Windows. A data não foi divulgada. Com a decisão, a empresa diz que passará a recomendar o Word para edição de textos. \"O WordPad não está mais sendo atualizado e será removido em uma versão futura do Windows. Recomendamos o Microsoft Word para documentos rich...",
		"image": "https://s2.glbimg.com/7K6TRW90Qhos01_Ir4lt4PTc7yM=/i.s3.glbimg.com/v1/AUTH_59edd422c0c84a879bd37670ae4f538a/internal_photos/bs/2023/y/O/Swx9V2RBCWgzabC6T5pA/captura-de-tela-2023-09-04-095416.png",
		"language": "pt",
		"published_at": "2023-09-04T13:01:39+00:00",
		"source": "G1 - Tecnologia e Games",
		"title": "Fim do WordPad: Microsoft vai remover programa do Windows após 28 anos",
		"url": "https://g1.globo.com/tecnologia/noticia/2023/09/04/fim-do-wordpad-microsoft-vai-remover-programa-do-windows-apos-28-anos.ghtml"
	},
	{
		"author": null,
		"category": "technology",
		"country": "br",
		"description": "Em evento que acontece a partir das 14h, empresa ainda deve apresentar uma nova geração de Apple Watch e AirPods. Apple deve lançar iPhone 15 e mais produtos agora; acompanhe Em evento que acontece a partir das 14h, empresa ainda deve apresentar uma nova geração de Apple Watch e AirPods. A Apple realiza nesta terça (12), às 14h, um evento em Cupertino, na Califórnia (EUA). A empresa deve anunciar a linha iPhone 15, 15 Plus,15 Pro e 15 Pro Max. Também são esperados uma nova geração de fones de ouvido e relógios . O preço dos smartphones deverá ser mais caro que os das gerações...",
		"image": null,
		"language": "pt",
		"published_at": "2023-09-12T17:01:51+00:00",
		"source": "G1 - Tecnologia e Games",
		"title": "Apple deve lançar iPhone 15 e mais produtos agora; acompanhe",
		"url": "https://g1.globo.com/tecnologia/ao-vivo/apple-iphone-15.ghtml"
	},
	{
		"author": null,
		"category": "technology",
		"country": "br",
		"description": "Mãe teve morte encefálica e a família optou por manter a gestação até que fosse viável a retirada do bebê do útero. Os médicos de Cachoeiro de Itapemirim acreditam que isso só foi possível por causa da troca que tiveram com especialistas de São Paulo, via teleconferência. UTI à distância ajuda a salvar vida de bebê na barriga da mãe com morte cerebralO Globo Repórter desta sexta-feira (29) mostrou cidades menores que têm se tornado centros de referência em saúde com a ajuda da tecnologia. Em Cachoeiro de Itapemirim, cidade no interior do Espírito Santo, a maternidade pú...",
		"image": "https://s2.glbimg.com/cHDRjsIfF3j7z1_PRooyPdYdBqA=/i.s3.glbimg.com/v1/AUTH_59edd422c0c84a879bd37670ae4f538a/internal_photos/bs/2023/2/J/Vd4RW0Q3mg4ORvxheEpA/captura-de-tela-2023-09-29-152336.png",
		"language": "pt",
		"published_at": "2023-10-02T08:05:26+00:00",
		"source": "G1 - Tecnologia e Games",
		"title": "Entenda como a tele UTI ajudou a salvar a vida de bebê na barriga da mãe; mulher teve morte cerebral",
		"url": "https://g1.globo.com/globo-reporter/noticia/2023/10/02/entenda-como-a-tele-uti-ajudou-a-salvar-a-vida-de-bebe-na-barriga-da-mae-mulher-teve-morte-cerebral.ghtml"
	},
	{
		"author": null,
		"category": "technology",
		"country": "br",
		"description": "Vídeos do animal viralizam no Instagram e no TikTok. Brasileiro que diz faturar até R$ 4 mil por mês com suas versões: 'Às vezes, as pessoas ficam chateadas porque eu não falei o nome delas'. Marmota gritando nomes: meme tem milhões de visualização e criadores ganhando dinheiro\"Darlaaaaaaaaan!\": uma marmota que \"grita\" o seu nome (e todos os nomes que existem) ou os de times de futebol, até mesmo frases engraçadas. Esses vídeos com o animal têm viralizado especialmente no Instagram e no TikTok, onde o meme coleciona milhões de visualizações.Nos bastidores, pessoas anônimas se...",
		"image": "https://s2.glbimg.com/ynTpjtiR2myA47O_kvuCaJda9wo=/i.s3.glbimg.com/v1/AUTH_59edd422c0c84a879bd37670ae4f538a/internal_photos/bs/2023/w/h/IqQZVbTfuT4mBHkxdSDw/marmotanavoz.gif",
		"language": "pt",
		"published_at": "2023-09-15T08:04:14+00:00",
		"source": "G1 - Tecnologia e Games",
		"title": "Marmota gritando nomes: meme com milhões de visualizações faz brasileiros ganharem dinheiro",
		"url": "https://g1.globo.com/tecnologia/noticia/2023/09/15/marmota-gritando-nomes-meme-com-milhoes-de-visualizacoes-faz-brasileiros-ganharem-dinheiro.ghtml"
	},
	{
		"author": null,
		"category": "technology",
		"country": "br",
		"description": "Serviço de nuvem Google Drive tem uma função 'secreta' que permite facilmente copiar texto de fotografias e colar em outro lugar. Apple e Android têm ferramenta similar; veja quais são. Como transformar uma foto em arquivo de texto no Android e no iPhoneVamos supor que, de repente, você teve a ideia de publicar uma foto sua nas redes sociais com um textão que está no seu livro favorito. Sabia que não é preciso perder 10 minutos ou mais digitando letra por letra no celular antes de postar? ✍Isso porque o serviço de nuvem Google Drive tem um segredinho que \"converte\" imagem em texto...",
		"image": "https://s2.glbimg.com/ssk33rMGYlJZ_4OPKXQcYN6eYiI=/i.s3.glbimg.com/v1/AUTH_59edd422c0c84a879bd37670ae4f538a/internal_photos/bs/2023/M/0/Hq6F7pQA6YOBrEBrgofA/img-6078.jpg",
		"language": "pt",
		"published_at": "2023-09-20T08:30:54+00:00",
		"source": "G1 - Tecnologia e Games",
		"title": "Como transformar uma foto em arquivo de texto no Android e no iPhone",
		"url": "https://g1.globo.com/tecnologia/noticia/2023/09/20/como-transformar-uma-foto-em-arquivo-de-texto-no-android-e-no-iphone.ghtml"
	},
	{
		"author": null,
		"category": "technology",
		"country": "br",
		"description": "Bloco europeu cobrou de Elon Musk e Mark Zuckerberg que suas empresas cumpram regras contra circulação de conteúdo ilegal na internet. Descumprimento pode levar a multas de até 6% do faturamento global e até ao banimento das plataformas na Europa. Bilionários Mark Zuckerberg, dono do Facebook, e Elon Musk, dono do Twitter/XMandel Ngan/AFP e Alain Jocard/AFPO Twitter (também chamado de X) e a Meta, dona de Instagram, Facebook e WhatsApp, estão sendo questionados na União Europeia devido aos casos de desinformação veiculados nas plataformas sobre a guerra entre Israel e o grupo Hamas...",
		"image": "https://s2.glbimg.com/eniPL1bB1_yiA_sKatwkwAdoIAU=/i.s3.glbimg.com/v1/AUTH_59edd422c0c84a879bd37670ae4f538a/internal_photos/bs/2023/Y/r/s8fLLzT7mOeo7ryiCajg/zuckerberg-e-musk-afp.jpg",
		"language": "pt",
		"published_at": "2023-10-12T08:30:54+00:00",
		"source": "G1 - Tecnologia e Games",
		"title": "Por que Twitter e Meta estão sendo questionados na Europa sobre guerra entre Israel e Hamas?",
		"url": "https://g1.globo.com/tecnologia/noticia/2023/10/12/por-que-twitter-e-meta-estao-sendo-questionados-na-europa-sobre-guerra-entre-israel-e-hamas.ghtml"
	},
	{
		"author": null,
		"category": "technology",
		"country": "br",
		"description": "Tribunal entendeu que a associação que entrou com a ação não tem legitimidade para isso, além de já haver uma tramitação sobre este mesmo caso no Rio de Janeiro. Apple é condenada por fornecer iPhone sem carregador e fone de ouvido para consumidor de Anápolis Thiago Lavado/g1O Tribunal de Justiça de São Paulo revogou no dia 9 de outubro a multa de R$100 milhões que foi aplicada à Apple por vender iPhones sem carregadores.Em 2022, a empresa tinha sido condenada em primeira instância a pagar os valores e disponibilizar os carregadores para todos os consumidores que haviam comprado...",
		"image": "https://s2.glbimg.com/jVHPz4fZFtnyd38y5ay9jjoyJ6k=/i.s3.glbimg.com/v1/AUTH_59edd422c0c84a879bd37670ae4f538a/internal_photos/bs/2022/R/K/V8498eQ1eMXSbvZGzjow/carregador-iphone.jpg",
		"language": "pt",
		"published_at": "2023-10-16T22:31:51+00:00",
		"source": "G1 - Tecnologia e Games",
		"title": "Justiça de SP revoga multa de R$100 milhões à Apple por vender celulares sem carregadores",
		"url": "https://g1.globo.com/tecnologia/noticia/2023/10/16/justica-de-sp-revoga-multa-de-r100-milhoes-a-apple-por-vender-celulares-sem-carregadores.ghtml"
	},
	{
		"author": null,
		"category": "technology",
		"country": "br",
		"description": "Opção está disponível para Android e IOS; veja passo a passo. Logotipo do aplicativo Whatsapp.Dado Ruvic/Arquivo/ReutersJá se deparou com aquela situação de ter que adicionar o número de uma loja no seu celular somente para pedir um lanche ou contratar algum serviço rápido via WhatsApp? Pois saiba que isso não é necessário. O aplicativo de mensagens permite mandar mensagens para telefones que não estão salvos.A opção está disponível para os sistemas Android e IOS. Veja passo a passo como fazer:Abra o \"WhatsApp\";Toque no ícone \"contatos\" para criar uma nova conversa;Selecione...",
		"image": "https://s2.glbimg.com/rX7uIRq9tUeNen6ZZ0VGhFAsZNI=/i.s3.glbimg.com/v1/AUTH_59edd422c0c84a879bd37670ae4f538a/internal_photos/bs/2019/v/k/TABKU9TGmZIcGIWucIbA/2019-02-06t122625z-1532824164-rc1da1005f70-rtrmadp-3-india-whatsapp.jpg",
		"language": "pt",
		"published_at": "2023-09-21T09:01:43+00:00",
		"source": "G1 - Tecnologia e Games",
		"title": "WhatsApp: como enviar mensagens para contatos que não estão salvos",
		"url": "https://g1.globo.com/tecnologia/noticia/2023/09/21/whatsapp-como-enviar-mensagens-para-contatos-que-nao-estao-salvos.ghtml"
	},
	{
		"author": null,
		"category": "technology",
		"country": "br",
		"description": "Televisores mais caros contam com recursos que aprimoram contraste, cor e brilho das imagens mostradas – e isso faz diferença na hora de assistir filmes e séries. Guia de Compras: TVs OLED e QLEDIghor Jesus/g1Assistir TV nos leva, de vez em quando, a situações estranhas: as cenas são escuras demais e não dá para ver nada, só um borrão com contraste muito baixo. Quem é fã de \"Game of Thrones\" sabe bem como é. O problema tem a ver com as tecnologias usadas nos painéis dos televisores, que controlam brilho, contraste, cor e aprimoram a qualidade da imagem. Modelos mais baratos com...",
		"image": "https://s2.glbimg.com/Mc4TfXMDUcLze3CUfRy5OWsbIQU=/i.s3.glbimg.com/v1/AUTH_59edd422c0c84a879bd37670ae4f538a/internal_photos/bs/2023/n/H/xEmCjETASIvyECOF4IYw/guia-de-compras-oled-qled.png",
		"language": "pt",
		"published_at": "2023-08-30T10:00:57+00:00",
		"source": "G1 - Tecnologia e Games",
		"title": "TV OLED ou QLED? Conheça as diferenças entre as tecnologias usadas nas telas",
		"url": "https://g1.globo.com/guia/guia-de-compras/tecnologia/tv-oled-ou-qled-conheca-as-diferencas-entre-as-tecnologias-usadas-nas-telas.ghtml"
	},
	{
		"author": null,
		"category": "technology",
		"country": "br",
		"description": "A start-up Neuralink está buscando voluntários para um ensaio clínico que tem duração prevista de 6 anos. Embora o envolvimento de Musk aumente a visibilidade da Neuralink, a empresa enfrenta rivais que já acumulam experiência há quase duas décadasREUTERSA Neuralink, start-up pertencente a Elon Musk dedicada à interface cérebro-computador (BCI, na sigla em inglês), começou a recrutar pessoas para seu primeiro teste em humanos.O objetivo da empresa é conectar cérebros humanos a computadores e testar a tecnologia em pessoas com paralisia.Um robô ajudará a implantar um sistema BCI...",
		"image": "https://s2.glbimg.com/5eLgvRlsRZZ7mBjpI5YUJ_x_u5g=/i.s3.glbimg.com/v1/AUTH_59edd422c0c84a879bd37670ae4f538a/internal_photos/bs/2023/W/p/6IVOkqTWAmIXBo59h9IQ/cde6b430-580a-11ee-83bb-5f9bffc8f569.png",
		"language": "pt",
		"published_at": "2023-09-21T12:10:11+00:00",
		"source": "G1 - Tecnologia e Games",
		"title": "Empresa de Musk busca voluntários para testes com implante cerebral contra paralisia",
		"url": "https://g1.globo.com/tecnologia/noticia/2023/09/21/empresa-de-musk-busca-voluntarios-para-testes-com-implante-cerebral-contra-paralisia.ghtml"
	},
	{
		"author": null,
		"category": "technology",
		"country": "br",
		"description": "Acessório 'transforma' cabo Lightning, usado em celulares antigos da Apple, no padrão do novo iPhone. Outras lojas, incluindo revendedores oficiais, têm opções mais baratas. Adaptador da Apple 'converte' cabo Lightning em USB-CDivulgação/AppleCom a mudança na entrada de carregador do iPhone 15, lançado na última terça-feira (12), a Apple liberou um novo adaptador em sua loja. O acessório \"converte\" o cabo Lightning, padrão exclusivo da empresa, em um USB-C e custa R$ 349. O item poderá ser útil para quem tiver carregador Lightning, usado em celulares antigos da Apple, e quiser...",
		"image": "https://s2.glbimg.com/UjoyYA757bQWlw80tRIlpTVJre4=/i.s3.glbimg.com/v1/AUTH_59edd422c0c84a879bd37670ae4f538a/internal_photos/bs/2023/C/A/csz5qZRMSABrJ6tAYexA/adaptador-usb-c-lightning.jpg",
		"language": "pt",
		"published_at": "2023-09-16T09:00:52+00:00",
		"source": "G1 - Tecnologia e Games",
		"title": "Apple lança adaptador de R$ 349 após anunciar iPhone 15 com entrada USB-C",
		"url": "https://g1.globo.com/tecnologia/noticia/2023/09/16/apple-lanca-adaptador-de-r-349-apos-anunciar-iphone-15-com-entrada-usb-c.ghtml"
	},
	{
		"author": null,
		"category": "technology",
		"country": "br",
		"description": "Lista traz 17 modelos de televisores de 42 a 85 polegadas com diversas tecnologias de tela, incluindo LED, OLED e NeoQLED. Guia de Compras: TVs 4K e 8K para comprar na Black FridayGabriel Wesley Marques/g1A contagem regressiva para a Black Friday, que acontece nesta sexta-feira (24), já começou, e a TV é um dos itens mais procurados pelos brasileiros durante o período de promoções.✅ Clique aqui para seguir o canal do Guia de Compras do g1 no WhatsAppPensando nisso, o Guia de Compras selecionou 17 modelos de smart TVs com resolução 4K e 8K, com tamanhos de tela entre 42 e 85 polegadas....",
		"image": "https://s2-g1.glbimg.com/TuZ_ewEHzU3WT7JsGIILmovKxOQ=/i.s3.glbimg.com/v1/AUTH_59edd422c0c84a879bd37670ae4f538a/internal_photos/bs/2023/F/G/efAO7fSoyfac2FBZmGgA/destaque-home-tv-4k-8k.jpg",
		"language": "pt",
		"published_at": "2023-11-22T15:00:49+00:00",
		"source": "G1 - Tecnologia e Games",
		"title": "TVs 4K e 8K: saiba no que prestar atenção para não errar na escolha",
		"url": "https://g1.globo.com/especiais/guia-de-compras/tvs-4k-e-8k-saiba-no-que-prestar-atencao-para-nao-errar-na-escolha.ghtml"
	},
	{
		"author": null,
		"category": "technology",
		"country": "br",
		"description": "Nepal se soma à lista de nações que vêm impondo restrições à plataforma, que tem cerca de um bilhão de usuários mensais no mundo. TikTokREUTERSO Nepal proibiu o TikTok, da China, porque o conteúdo da rede social \"era prejudicial à harmonia social\".A decisão surge dias após o país ter aprovado uma nova regra que exige que as empresas de redes sociais criem escritórios no país.O TikTok, que tem cerca de um bilhão de usuários mensais, foi banido por vários países, incluindo a Índia.No início deste ano, Montana tornou-se o primeiro Estado americano a bani-lo, enquanto o...",
		"image": "https://s2-g1.glbimg.com/9yeUiqI1KtxmGblRfURN-a42l6Y=/i.s3.glbimg.com/v1/AUTH_59edd422c0c84a879bd37670ae4f538a/internal_photos/bs/2022/C/a/VXN111TAaLuR4bXSAdag/hppjn4z3irkippu5w324x2kikm.jpg",
		"language": "pt",
		"published_at": "2023-11-15T07:02:05+00:00",
		"source": "G1 - Tecnologia e Games",
		"title": "O país que proibiu TikTok para 'preservar a harmonia social'",
		"url": "https://g1.globo.com/tecnologia/noticia/2023/11/15/o-pais-que-proibiu-tiktok-para-preservar-a-harmonia-social.ghtml"
	}
]